identifier,canonical_smiles,standard_inchi,standard_inchi_key,name,iupac_name,total_atom_count,heavy_atom_count,molecular_weight,exact_molecular_weight,molecular_formula,alogp,topological_polar_surface_area,rotatable_bond_count,hydrogen_bond_acceptors,hydrogen_bond_donors,hydrogen_bond_acceptors_lipinski,hydrogen_bond_donors_lipinski,lipinski_rule_of_five_violations,aromatic_rings_count,qed_drug_likeliness,formal_charge,fractioncsp3,number_of_minimal_rings,van_der_walls_volume,contains_sugar,contains_ring_sugars,contains_linear_sugars,murcko_framework,np_likeness,chemical_class,chemical_sub_class,chemical_super_class,direct_parent_classification,np_classifier_pathway,np_classifier_superclass,np_classifier_class,np_classifier_is_glycoside
CNP0571185.1,C[C@H]1C[NH+]=C2N(C1)C1=CC=CC=C1[C@@]2(O)C1=CC=CC=C1,"InChI=1S/C18H18N2O/c1-13-11-19-17-18(21,14-7-3-2-4-8-14)15-9-5-6-10-16(15)20(17)12-13/h2-10,13,21H,11-12H2,1H3/p+1/t13-,18-/m0/s1",VQPGGINSOCTZDA-UGSOOPFHSA-O,"(3R,10S)-10-hydroxy-3-methyl-10-phenyl-2H,3H,4H-pyrimido[1,2-a]indol-1-ium","(3~{R},10~{S})-3-methyl-10-phenyl-3,4-dihydro-2~{H}-pyrimido[1,2-a]indol-1-ium-10-ol",40,21,279.36,279.14919,[C18H19N2O]+,0.87,37.44,1,2,2,2,2,0,2,0.81,1,0.28,4,,f,f,f,N1=C2N(c3ccccc3C2c4ccccc4)CCC1,0.11,Indoles and derivatives,Indoles,Organoheterocyclic compounds,Indoles,Alkaloids,Anthranilic acid alkaloids,Quinazoline alkaloids,f
CNP0264170.1,COCC1=C(O)C2=C(O[C@H](C3=CC=C(OC)C=C3)CC2=O)C(C)=C1O[C@@H]1O[C@H](CO)[C@@H](O)[C@H](O)[C@H]1O,"InChI=1S/C25H30O11/c1-11-23(36-25-22(31)21(30)20(29)17(9-26)35-25)14(10-32-2)19(28)18-15(27)8-16(34-24(11)18)12-4-6-13(33-3)7-5-12/h4-7,16-17,20-22,25-26,28-31H,8-10H2,1-3H3/t16-,17+,20+,21-,22+,25-/m0/s1",IKCBFHPONQNEIO-NZIACLKUSA-N,,"(2~{S})-5-hydroxy-6-(methoxymethyl)-2-(4-methoxyphenyl)-8-methyl-7-[(2~{S},3~{R},4~{S},5~{S},6~{R})-3,4,5-trihydroxy-6-(hydroxymethyl)tetrahydropyran-2-yl]oxy-chroman-4-one",66,36,506.5,506.17881,C25H30O11,0.74,164.37,7,11,5,11,5,2,2,0.36,0,0.48,4,,t,t,f,O(c1ccc2c(OC(c3ccccc3)CC2)c1)C4OCCCC4,1.77,Flavonoids,Flavonoid glycosides,Phenylpropanoids and polyketides,Flavonoid-7-O-glycosides,Shikimates and Phenylpropanoids,Flavonoids,Flavanones,t
CNP0392378.1,COC1=CC=C2C(C)=C(CCC(=O)NC[C@@H](O)CO)C(=O)OC2=C1,"InChI=1S/C17H21NO6/c1-10-13-4-3-12(23-2)7-15(13)24-17(22)14(10)5-6-16(21)18-8-11(20)9-19/h3-4,7,11,19-20H,5-6,8-9H2,1-2H3,(H,18,21)/t11-/m1/s1",VPNXFZWWAAFRSP-LLVKDONJSA-N,,"~{N}-[(2~{R})-2,3-dihydroxypropyl]-3-(7-methoxy-4-methyl-2-oxo-chromen-3-yl)propanamide",45,24,335.36,335.13689,C17H21NO6,0.51,109,7,6,3,6,3,0,2,0.64,0,0.41,2,,f,f,f,O1c2ccccc2C=CC1,-0.2,Coumarins and derivatives,Coumarins and derivatives,Phenylpropanoids and polyketides,Coumarins and derivatives,Shikimates and Phenylpropanoids,Coumarins,Simple coumarins,f
CNP0368247.0,CC1=CC(C)(C)N2C(=O)C3=C(OC(=O)CC3=O)C3=C2C1=CC=C3C,"InChI=1S/C19H17NO4/c1-9-5-6-11-10(2)8-19(3,4)20-16(11)14(9)17-15(18(20)23)12(21)7-13(22)24-17/h5-6,8H,7H2,1-4H3",DQYUISUZVPRSAN-UHFFFAOYSA-N,STL558515,"10,10,12,16-tetramethyl-3-oxa-9-azatetracyclo[7.7.1.0^{2,7}.0^{13,17}]heptadeca-1(17),2(7),11,13,15-pentaene-4,6,8-trione",41,24,323.35,323.11576,C19H17NO4,2.95,65.37,0,5,0,5,0,0,2,0.55,0,0.32,4,280.16,f,f,f,O1C=2c3cccc4C=CCN(c43)CC2CCC1,0.56,Quinolines and derivatives,Quinolones and derivatives,Organoheterocyclic compounds,Pyranoquinolines,,,,f
CNP0375833.2,CCCCC1=CC(=O)OC2=C(C)C(OC(=O)[C@H](CCC)NS(=O)(=O)C3=CC=C(C)C=C3)=CC=C12,"InChI=1S/C26H31NO6S/c1-5-7-9-19-16-24(28)33-25-18(4)23(15-14-21(19)25)32-26(29)22(8-6-2)27-34(30,31)20-12-10-17(3)11-13-20/h10-16,22,27H,5-9H2,1-4H3/t22-/m0/s1",SXMOQQJPEBEHSH-QFIPXVFZSA-N,,(4-butyl-8-methyl-2-oxo-chromen-7-yl) (2~{S})-2-(p-tolylsulfonylamino)pentanoate,65,34,485.6,485.18721,C26H31NO6S,4.81,102.68,10,6,1,6,1,0,3,0.25,0,0.39,3,,f,f,f,O(c1ccc2C=CCOc2c1)CCNSc3ccccc3,-0.66,Carboxylic acids and derivatives,"Amino acids, peptides, and analogues",Organic acids and derivatives,Alpha amino acid esters,Shikimates and Phenylpropanoids,Coumarins,Simple coumarins,f
CNP0112655.0,COC1=CC=C(C2=CC(=O)OC3=CC(OC(C)C)=CC=C23)C=C1,"InChI=1S/C19H18O4/c1-12(2)22-15-8-9-16-17(11-19(20)23-18(16)10-15)13-4-6-14(21-3)7-5-13/h4-12H,1-3H3",IQZVNQGJSYGWQY-UHFFFAOYSA-N,384364-88-9,7-isopropoxy-4-(4-methoxyphenyl)chromen-2-one,41,23,310.35,310.12051,C19H18O4,4.26,48.67,4,4,0,4,0,0,3,0.68,0,0.21,3,281.4,f,f,f,O1c2ccccc2C(=CC1)c3ccccc3,-0.26,Neoflavonoids,Neoflavones,Phenylpropanoids and polyketides,Neoflavones,Shikimates and Phenylpropanoids,Coumarins,Simple coumarins,f
CNP0209970.4,C[C@H]1O[C@@H](O[C@H]2CC[C@@]3(C)[C@@H](CC[C@]4(C)[C@@H]3C=CC3=C5C[C@](C)(CO)CC[C@]5(CO)[C@H](O)C[C@]34C)[C@]2(C)CO)[C@H](O)[C@@H](O[C@@H]2O[C@H](CO)[C@@H](O)[C@H](O)[C@H]2O[C@@H]2O[C@H](CO)[C@@H](O)[C@H](O)[C@H]2O)[C@H]1O,"InChI=1S/C48H78O19/c1-22-31(55)38(66-42-39(35(59)33(57)26(18-50)64-42)67-40-36(60)34(58)32(56)25(17-49)63-40)37(61)41(62-22)65-30-10-11-44(3)27(45(30,4)20-52)9-12-46(5)28(44)8-7-23-24-15-43(2,19-51)13-14-48(24,21-53)29(54)16-47(23,46)6/h7-8,22,25-42,49-61H,9-21H2,1-6H3/t22-,25-,26-,27-,28-,29-,30+,31+,32-,33-,34+,35+,36-,37-,38+,39-,40+,41+,42+,43-,44+,45+,46-,47-,48-/m1/s1",NYONVEWSXDBIKC-YRRWJTDNSA-N,,"(2~{S},3~{R},4~{S},5~{S},6~{R})-2-[(2~{S},3~{R},4~{S},5~{S},6~{R})-2-[(2~{R},3~{R},4~{S},5~{S},6~{R})-2-[[(3~{S},4~{R},4~{a}~{R},6~{a}~{R},6~{b}~{S},8~{R},8~{a}~{S},11~{R},14~{a}~{R},14~{b}~{S})-8-hydroxy-4,8~{a},11-tris(hydroxymethyl)-4,6~{a},6~{b},11,14~{b}-pentamethyl-1,2,3,4~{a},5,6,7,8,9,10,12,14~{a}-dodecahydropicen-3-yl]oxy]-3,5-dihydroxy-6-methyl-tetrahydropyran-4-yl]oxy-4,5-dihydroxy-6-(hydroxymethyl)tetrahydropyran-3-yl]oxy-6-(hydroxymethyl)tetrahydropyran-3,4,5-triol",145,67,959.13,958.51373,C48H78O19,-1.52,318.37,11,19,13,19,13,3,0,0.1,0,0.92,8,,t,t,f,O1CCCCC1OC2CCCOC2OC3CCOC(OC4CCC5C(CCC6C7C(C=CC65)=C8CCCCC8CC7)C4)C3,2.52,Prenol lipids,Terpene glycosides,Lipids and lipid-like molecules,Triterpene saponins,Terpenoids,Triterpenoids,Oleanane triterpenoids,t
CNP0009661.2,CC(=O)O[C@@]12CCC3=CC(=C(O)C4=C3CC[C@H]3CCC[C@H]3O4)CN3C[C@](CC4=CC=NC(N)=C4)(CC/N=C(\N)NC4(CCCC4)SSCCCCC[C@H](CC1)[C@H](O)C2)CC3=O,"InChI=1S/C47H68N6O6S2/c1-31(54)59-46-18-13-33(38(55)27-46)8-3-2-6-23-60-61-47(16-4-5-17-47)52-44(49)51-22-20-45(26-32-15-21-50-40(48)24-32)28-41(56)53(30-45)29-36-25-35(14-19-46)37-12-11-34-9-7-10-39(34)58-43(37)42(36)57/h15,21,24-25,33-34,38-39,55,57H,2-14,16-20,22-23,26-30H2,1H3,(H2,48,50)(H3,49,51,52)/t33-,34-,38-,39-,45+,46-/m1/s1",VIDPGJPDNJGQAX-NRNQBGBPSA-N,"[(1~{R},8~{R},12~{R},21~{R},24~{E},35~{R},36~{R})-25-amino-21-[(2-amino-4-pyridyl)methyl]-15,36-dihydroxy-19-oxo-spiro[13-oxa-28,29-dithia-18,24,26-triazahexacyclo[33.2.2.1^{4,16}.1^{18,21}.0^{5,14}.0^{8,12}]hentetraconta-4(41),5(14),15,24-tetraene-27,1'-cyclopentane]-1-yl] acetate","[(1~{R},8~{R},12~{R},21~{R},24~{E},35~{R},36~{R})-25-amino-21-[(2-amino-4-pyridyl)methyl]-15,36-dihydroxy-19-oxo-spiro[13-oxa-28,29-dithia-18,24,26-triazahexacyclo[33.2.2.1^{4,16}.1^{18,21}.0^{5,14}.0^{8,12}]hentetraconta-4(41),5(14),15,24-tetraene-27,1'-cyclopentane]-1-yl] acetate",129,61,877.23,876.46418,C47H68N6O6S2,7.74,185.62,3,13,5,13,5,3,2,0.15,0,0.7,9,,f,f,f,n1ccc(cc1)CC23CN(Cc4cc5OC6CCCC6CCc5c(c4)CCC7CCC(CCCCCSSC8(NC=NCC2)CCCC8)CC7)CC3,1.92,Pyridines and derivatives,Halopyridines,Organoheterocyclic compounds,Polyhalopyridines,Alkaloids,,,f
CNP0556313.1,CC1=CC(O)=C2C(=O)C3=C4C=C5C(=NC=CC5=C3C(=O)C2=C1)NC[C@H](O)[C@@]12CCC[C@H]1C1=C(N=CC1)C1=C[C@@]3(O4)O[C@@]4(C1=C2C[C@]1(CCC2(CCCC2)C1)[C@H]4O)[C@@H](O)[C@H](O)[C@H]3O,"InChI=1S/C49H49N3O10/c1-22-15-26-33(30(53)16-22)39(56)35-31-17-25-23(34(35)38(26)55)6-14-51-43(25)52-20-32(54)47-10-4-5-28(47)24-7-13-50-37(24)27-18-48(61-31)41(58)40(57)42(59)49(62-48)36(27)29(47)19-46(44(49)60)12-11-45(21-46)8-2-3-9-45/h6,13-18,28,32,40-42,44,53-54,57-60H,2-5,7-12,19-21H2,1H3,(H,51,52)/t28-,32-,40+,41+,42-,44+,46-,47-,48+,49-/m0/s1",ZPBSLRYDPDJIJE-JVGCXWILSA-N,,,111,62,839.94,839.34179,C49H49N3O10,5,211.26,0,13,7,13,7,3,3,0.12,0,0.51,14,,f,f,f,n1ccc2c3cc(OC45OC6(C=7C(=C4)C=8N=CCC8C9CCCC9(C7CC%10(CCC%11(CCCC%11)C%10)C6)CCNc13)CCC5)c%12c2Cc%13ccccc%13C%12,2.02,Anthracenes,Anthraquinones,Benzenoids,Anthraquinones,Alkaloids,,,f
CNP0376738.6,C[C@@H]1CC[C@@]2(OC1)O[C@H]1C[C@H]3[C@@H]4CC[C@@H]5C[C@H](O)[C@@H](O)[C@@H](O[C@@H]6OC[C@H](O)[C@H](O)C6O)[C@]5(C)[C@H]4CC[C@]3(C)[C@H]1[C@@H]2C,"InChI=1S/C32H52O9/c1-15-7-10-32(39-13-15)16(2)24-23(41-32)12-20-18-6-5-17-11-21(33)26(36)28(31(17,4)19(18)8-9-30(20,24)3)40-29-27(37)25(35)22(34)14-38-29/h15-29,33-37H,5-14H2,1-4H3/t15-,16+,17-,18-,19+,20+,21+,22+,23+,24+,25+,26-,27?,28-,29+,30+,31+,32-/m1/s1",GZMNAJUVLAIUAJ-HINIYWIZSA-N,Tokoronin,"(2~{S},4~{S},5~{S})-2-[(1~{S},2~{S},4~{S},5'~{R},6~{R},7~{S},8~{R},9~{S},12~{S},13~{S},14~{S},15~{R},16~{S},18~{R})-15,16-dihydroxy-5',7,9,13-tetramethyl-spiro[5-oxapentacyclo[10.8.0.0^{2,9}.0^{4,8}.0^{13,18}]icosane-6,2'-tetrahydropyran]-14-yl]oxytetrahydropyran-3,4,5-triol",93,41,580.76,580.36113,C32H52O9,2.2,138.07,2,9,5,9,5,1,0,0.33,0,1,7,,t,t,f,O1CCCCC1OC2CCCC3CCC4C(CCC5C6CC7(OCCCC7)OC6CC45)C23,2.84,Steroids and steroid derivatives,Hydroxysteroids,Lipids and lipid-like molecules,Hydroxysteroids,Terpenoids,Steroids,Spirostane steroids,t
CNP0537625.1,COC1=CC=C(NC(=O)[C@H]2[C@H]3C=C[C@]4(O3)[C@H](C(=O)NC3CCCCC3)N(CCCN3CCC(CC5=CC=CC=C5)CC3)C(=O)[C@@H]24)C=C1,"InChI=1S/C38H48N4O5/c1-46-30-15-13-29(14-16-30)39-35(43)32-31-17-20-38(47-31)33(32)37(45)42(34(38)36(44)40-28-11-6-3-7-12-28)22-8-21-41-23-18-27(19-24-41)25-26-9-4-2-5-10-26/h2,4-5,9-10,13-17,20,27-28,31-34H,3,6-8,11-12,18-19,21-25H2,1H3,(H,39,43)(H,40,44)/t31-,32+,33-,34+,38-/m1/s1",ZJGKMHRYBKVITM-LAKBVOTPSA-N,,"(1~{R},2~{R},5~{S},6~{R},7~{R})-3-[3-(4-benzyl-1-piperidyl)propyl]-~{N}2-cyclohexyl-~{N}6-(4-methoxyphenyl)-4-oxo-10-oxa-3-azatricyclo[5.2.1.0^{1,5}]dec-8-ene-2,6-dicarboxamide",95,47,640.83,640.36247,C38H48N4O5,4.58,100.21,11,6,2,6,2,1,2,0.35,0,0.55,7,,f,f,f,O1C2C=CC13C(N(CCCN4CCC(Cc5ccccc5)CC4)CC3C2CNc6ccccc6)CNC7CCCCC7,-0.66,Piperidines,Benzylpiperidines,Organoheterocyclic compounds,4-benzylpiperidines,Alkaloids,,,f
CNP0602993.1,CC/C=C\C/C=C\C/C=C\CCCCCCCC(=O)OC[C@H](COP(=O)(O)OCC(O)COP(=O)(O)OC[C@@H](COC(=O)CCCCCCCCCCCCCCCCCCCCC)OC(=O)CCCCCCCCCCCCCCCCCCCCC)OC(=O)CCCCCCCCCCCCCCCCCCCCC,"InChI=1S/C93H176O17P2/c1-5-9-13-17-21-25-29-33-37-40-43-46-50-54-58-62-66-70-74-78-91(96)104-84-89(110-93(98)80-76-72-68-64-60-56-52-48-45-42-39-35-31-27-23-19-15-11-7-3)86-108-112(101,102)106-82-87(94)81-105-111(99,100)107-85-88(83-103-90(95)77-73-69-65-61-57-53-49-36-32-28-24-20-16-12-8-4)109-92(97)79-75-71-67-63-59-55-51-47-44-41-38-34-30-26-22-18-14-10-6-2/h12,16,24,28,36,49,87-89,94H,5-11,13-15,17-23,25-27,29-35,37-48,50-86H2,1-4H3,(H,99,100)(H,101,102)/b16-12-,28-24-,49-36-/t87?,88-,89-/m1/s1",LSFOYTCIHLADOC-NESGFPOESA-N,"CL(18:3(9Z,12Z,15Z)/22:0/22:0/22:0)","[(2~{R})-2-docosanoyloxy-3-[[3-[[(2~{R})-2-docosanoyloxy-3-[(9~{Z},12~{Z},15~{Z})-octadeca-9,12,15-trienoyl]oxy-propoxy]-hydroxy-phosphoryl]oxy-2-hydroxy-propoxy]-hydroxy-phosphoryl]oxy-propyl] docosanoate",288,112,1628.36,1627.23828,C93H176O17P2,28.58,236.95,91,15,3,15,3,3,0,0.02,0,0.89,0,,f,f,f,None,0.45,Glycerophospholipids,Glycerophosphoglycerophosphoglycerols,Lipids and lipid-like molecules,Cardiolipins,Fatty acids,Glycerophospholipids,Glycerophosphoglycerophosphoglycerols,f
CNP0509793.2,CCOCCCN1C(=O)[C@H]2[C@@H](C(=O)NC3=CC=CC(OC)=C3)[C@H]3C=C[C@@]2(O3)[C@@H]1C(=O)NC1CCCCC1,"InChI=1S/C28H37N3O6/c1-3-36-16-8-15-31-24(26(33)29-18-9-5-4-6-10-18)28-14-13-21(37-28)22(23(28)27(31)34)25(32)30-19-11-7-12-20(17-19)35-2/h7,11-14,17-18,21-24H,3-6,8-10,15-16H2,1-2H3,(H,29,33)(H,30,32)/t21-,22+,23-,24+,28+/m1/s1",LUIGVWKDLVXKAA-AEQXRQRWSA-N,,"(1~{S},2~{R},5~{S},6~{R},7~{R})-~{N}2-cyclohexyl-3-(3-ethoxypropyl)-~{N}6-(3-methoxyphenyl)-4-oxo-10-oxa-3-azatricyclo[5.2.1.0^{1,5}]dec-8-ene-2,6-dicarboxamide",74,37,511.62,511.26824,C28H37N3O6,2.66,106.2,10,6,2,6,2,1,1,0.37,0,0.61,5,,f,f,f,O1C2C=CC13C(NCC3C2CNc4ccccc4)CNC5CCCCC5,-0.86,Carboxylic acids and derivatives,"Amino acids, peptides, and analogues",Organic acids and derivatives,Alpha amino acid amides,,,,f
CNP0256035.1,CC1=CC=CC2=C1N=C1COC[C@H](CNC3CCOCC3)N12,"InChI=1S/C17H23N3O2/c1-12-3-2-4-15-17(12)19-16-11-22-10-14(20(15)16)9-18-13-5-7-21-8-6-13/h2-4,13-14,18H,5-11H2,1H3/t14-/m0/s1",SRUDHUUHZHNXAL-AWEZNQCLSA-N,NCGC00394402-01,"~{N}-[[(4~{S})-9-methyl-3,4-dihydro-1~{H}-[1,4]oxazino[4,3-a]benzimidazol-4-yl]methyl]tetrahydropyran-4-amine",45,22,301.39,301.17903,C17H23N3O2,2.18,48.31,3,5,1,5,1,0,2,0.94,0,0.59,4,,f,f,f,n1c2ccccc2n3c1COCC3CNC4CCOCC4,-0.46,Benzimidazoles,Benzimidazoles,Organoheterocyclic compounds,Benzimidazoles,Alkaloids,Tryptophan alkaloids,,f
CNP0409148.0,O=C1CC(C2=CC=NC=C2)C2=C(C=C(O)C3=C2OC=C(C2=CC=C(Cl)C=C2)C3=O)O1,"InChI=1S/C23H14ClNO5/c24-14-3-1-12(2-4-14)16-11-29-23-20-15(13-5-7-25-8-6-13)9-19(27)30-18(20)10-17(26)21(23)22(16)28/h1-8,10-11,15,26H,9H2",RSZIQIMEVSHYGG-UHFFFAOYSA-N,STL546960,"3-(4-chlorophenyl)-5-hydroxy-10-(4-pyridyl)-9,10-dihydropyrano[2,3-h]chromene-4,8-dione",44,30,419.82,419.05605,C23H14ClNO5,4.66,89.63,2,6,1,6,1,0,4,0.38,0,0.09,5,336.62,f,f,f,n1ccc(cc1)C2c3c(OCC2)ccc4c3OC=C(c5ccccc5)C4,0.7,Isoflavonoids,Pyranoisoflavonoids,Phenylpropanoids and polyketides,Pyranoisoflavonoids,Shikimates and Phenylpropanoids,Isoflavonoids,Isoflavones,f
CNP0106812.6,COC1=C(O)C=C2OC(C3=CC=C(O)C(O)=C3)=C(O[C@@H]3OC(CO[C@@H]4OC(C)[C@H](O)[C@H](O)C4O)[C@H](O)C(O)C3O)C(=O)C2=C1O,"InChI=1S/C28H32O17/c1-8-16(32)20(36)22(38)27(42-8)41-7-14-17(33)21(37)23(39)28(44-14)45-26-19(35)15-13(6-12(31)25(40-2)18(15)34)43-24(26)9-3-4-10(29)11(30)5-9/h3-6,8,14,16-17,20-23,27-34,36-39H,7H2,1-2H3/t8?,14?,16-,17-,20-,21?,22?,23?,27+,28-/m0/s1",MLOJYABWNDVJMG-ORVFNQJCSA-N,Patuletin-3-robinobioside,"2-(3,4-dihydroxyphenyl)-5,7-dihydroxy-6-methoxy-3-[(2~{S},5~{R})-3,4,5-trihydroxy-6-[[(2~{R},4~{S},5~{R})-3,4,5-trihydroxy-6-methyl-tetrahydropyran-2-yl]oxymethyl]tetrahydropyran-2-yl]oxy-chromen-4-one",77,45,640.55,640.16395,C28H32O17,-1.68,278.66,7,17,10,17,10,3,3,0.13,0,0.46,5,,t,t,f,O1c2ccccc2CC(OC3OC(COC4OCCCC4)CCC3)=C1c5ccccc5,2,Flavonoids,Flavonoid glycosides,Phenylpropanoids and polyketides,Flavonoid-3-O-glycosides,Shikimates and Phenylpropanoids,Flavonoids,Flavonols,t
CNP0486311.1,N#CC1=CC=CC=C1N1C(=O)[C@H]2[C@H]3C=C[C@@](CO)(O3)[C@H]2C1=O,"InChI=1S/C16H12N2O4/c17-7-9-3-1-2-4-10(9)18-14(20)12-11-5-6-16(8-19,22-11)13(12)15(18)21/h1-6,11-13,19H,8H2/t11-,12+,13-,16+/m1/s1",UNDJPBBSRIWKRJ-IATRGZMQSA-N,,"2-[(3~{a}~{R},4~{R},7~{R},7~{a}~{S})-7-(hydroxymethyl)-1,3-dioxo-4,7~{a}-dihydro-3~{a}~{H}-4,7-epoxyisoindol-2-yl]benzonitrile",34,22,296.28,296.07971,C16H12N2O4,0.36,90.63,2,5,1,5,1,0,1,0.63,0,0.31,4,,f,f,f,O1C2C=CC1C3CN(c4ccccc4)CC23,-0.11,Pyrrolidines,Phenylpyrrolidines,Organoheterocyclic compounds,Phenylpyrrolidines,Alkaloids,,,f
CNP0326292.0,CC1=CC(=CC2=CC=C(C3=CC=C(Br)C=C3)O2)C(=O)O1,"InChI=1S/C16H11BrO3/c1-10-8-12(16(18)19-10)9-14-6-7-15(20-14)11-2-4-13(17)5-3-11/h2-9H,1H3",HGSIVUHBIUIOBW-UHFFFAOYSA-N,,3-[[5-(4-bromophenyl)-2-furyl]methylene]-5-methyl-furan-2-one,31,20,331.17,329.98916,C16H11BrO3,4.55,39.44,2,3,0,3,0,0,2,0.6,0,0.06,3,,f,f,f,O1C=CC(=Cc2oc(cc2)-c3ccccc3)C1,-0.29,Benzene and substituted derivatives,Halobenzenes,Benzenoids,Bromobenzenes,Shikimates and Phenylpropanoids,,,f
CNP0287089.0,COC1=CC=C(C=CC(=O)C2=CC=C3C(=C2)C2=CC(C(=O)C=CC4=CC=C(OC)C=C4)=CC=C2N3C)C=C1,"InChI=1S/C33H27NO4/c1-34-30-16-10-24(32(35)18-8-22-4-12-26(37-2)13-5-22)20-28(30)29-21-25(11-17-31(29)34)33(36)19-9-23-6-14-27(38-3)15-7-23/h4-21H,1-3H3",HWDROYVWHKGIOZ-UHFFFAOYSA-N,,3-(4-methoxyphenyl)-1-[6-[3-(4-methoxyphenyl)prop-2-enoyl]-9-methyl-carbazol-3-yl]prop-2-en-1-one,65,38,501.58,501.19401,C33H27NO4,7.14,57.53,8,5,0,5,0,2,5,0.17,0,0.09,5,457.82,f,f,f,c1ccc(cc1)C=CCc2ccc3[nH]c4ccc(cc4c3c2)CC=Cc5ccccc5,-0.13,Indoles and derivatives,Carbazoles,Organoheterocyclic compounds,Carbazoles,Shikimates and Phenylpropanoids,Flavonoids,Chalcones,f
CNP0365491.2,CCN(CC)CCOC(=O)C[C@@](C)(O)[C@@H]1CCO[C@](C)(CC)C1,"InChI=1S/C18H35NO4/c1-6-17(4)13-15(9-11-23-17)18(5,21)14-16(20)22-12-10-19(7-2)8-3/h15,21H,6-14H2,1-5H3/t15-,17-,18-/m1/s1",NJVWNHTWZNLWLA-KBAYOESNSA-N,,"2-(diethylamino)ethyl (3~{R})-3-[(2~{R},4~{R})-2-ethyl-2-methyl-tetrahydropyran-4-yl]-3-hydroxy-butanoate",58,23,329.48,329.25661,C18H35NO4,2.61,59,9,5,1,5,1,0,0,0.66,0,0.94,1,,f,f,f,O1CCCCC1,0.25,Fatty Acyls,Fatty acid esters,Lipids and lipid-like molecules,Fatty acid esters,Terpenoids,Monoterpenoids,Monocyclic monoterpenoids,f
CNP0583744.1,CCCCCCCC/C=C\CCCCCCCCCCCC(=O)O[C@H](COC(=O)CCCCCCCCCCCCCCCCCCCCC)COP(=O)(O)OCC(O)COP(=O)(O)OC[C@@H](COC(=O)CCCCCCCCCCCCCCC)OC(=O)CCCCCCCCC/C=C\CCCCCCCC,"InChI=1S/C89H170O17P2/c1-5-9-13-17-21-25-29-33-36-39-41-44-46-50-54-58-62-66-70-74-87(92)100-80-85(106-89(94)76-72-68-64-60-56-52-48-45-42-40-37-34-30-26-22-18-14-10-6-2)82-104-108(97,98)102-78-83(90)77-101-107(95,96)103-81-84(79-99-86(91)73-69-65-61-57-53-49-32-28-24-20-16-12-8-4)105-88(93)75-71-67-63-59-55-51-47-43-38-35-31-27-23-19-15-11-7-3/h34-35,37-38,83-85,90H,5-33,36,39-82H2,1-4H3,(H,95,96)(H,97,98)/b37-34-,38-35-/t83?,84-,85-/m1/s1",LUNCZXHWTRJKOI-KMLSEXRUSA-N,CL(16:0/20:1(11Z)/22:0/22:1(13Z)),[(2~{R})-2-[(~{Z})-docos-13-enoyl]oxy-3-[[3-[[(2~{R})-3-hexadecanoyloxy-2-[(~{Z})-icos-11-enoyl]oxy-propoxy]-hydroxy-phosphoryl]oxy-2-hydroxy-propoxy]-hydroxy-phosphoryl]oxy-propyl] docosanoate,278,108,1574.27,1573.19133,C89H170O17P2,27.24,236.95,88,15,3,15,3,3,0,0.02,0,0.91,0,,f,f,f,None,0.36,Glycerophospholipids,Glycerophosphoglycerophosphoglycerols,Lipids and lipid-like molecules,Cardiolipins,Fatty acids,Glycerophospholipids,Glycerophosphoglycerophosphoglycerols,f
CNP0244619.2,CC1O[C@@H](OC2=CC(O)=C3C(=O)C(O[C@@H]4OC[C@@H](O)C(O)C4O)=C(C4=CC=C(O)C(O)=C4)OC3=C2)C(O)[C@@H](O)[C@H]1O,"InChI=1S/C26H28O15/c1-8-17(31)20(34)22(36)26(38-8)39-10-5-13(29)16-15(6-10)40-23(9-2-3-11(27)12(28)4-9)24(19(16)33)41-25-21(35)18(32)14(30)7-37-25/h2-6,8,14,17-18,20-22,25-32,34-36H,7H2,1H3/t8?,14-,17+,18?,20+,21?,22?,25+,26+/m1/s1",LKCWNKWQDHJLCT-OWJGGDCJSA-N,Quercetin 3-xyloside-7-rhamnoside,"2-(3,4-dihydroxyphenyl)-5-hydroxy-7-[(2~{S},4~{S},5~{R})-3,4,5-trihydroxy-6-methyl-tetrahydropyran-2-yl]oxy-3-[(2~{S},5~{R})-3,4,5-trihydroxytetrahydropyran-2-yl]oxy-chromen-4-one",69,41,580.5,580.14282,C26H28O15,-1.4,249.2,5,15,9,15,9,3,3,0.16,0,0.42,5,,t,t,f,O1c2cc(OC3OCCCC3)ccc2CC(OC4OCCCC4)=C1c5ccccc5,2,Flavonoids,Flavonoid glycosides,Phenylpropanoids and polyketides,Flavonoid-3-O-glycosides,Shikimates and Phenylpropanoids,Flavonoids,Flavonols,t
CNP0596619.1,CCCCC/C=C\C/C=C\C/C=C\C/C=C\CCCCCC(=O)OC[C@H](COC(=O)CCCCCCCCCCCCCCC)OC(=O)CCC/C=C\C/C=C\C/C=C\C/C=C\CCCCC,"InChI=1S/C61H102O6/c1-4-7-10-13-16-19-22-25-27-29-30-32-33-36-39-42-45-48-51-54-60(63)66-57-58(56-65-59(62)53-50-47-44-41-38-35-24-21-18-15-12-9-6-3)67-61(64)55-52-49-46-43-40-37-34-31-28-26-23-20-17-14-11-8-5-2/h16-17,19-20,25-28,30,32,34,36-37,39,43,46,58H,4-15,18,21-24,29,31,33,35,38,40-42,44-45,47-57H2,1-3H3/b19-16-,20-17-,27-25-,28-26-,32-30-,37-34-,39-36-,46-43-/t58-/m0/s1",KNNCIYRSOTVCSB-XHWLDLPXSA-N,"TG(16:0/20:4(5Z,8Z,11Z,14Z)/22:4(7Z,10Z,13Z,16Z))","[(2~{S})-3-hexadecanoyloxy-2-[(5~{Z},8~{Z},11~{Z},14~{Z})-icosa-5,8,11,14-tetraenoyl]oxy-propyl] (7~{Z},10~{Z},13~{Z},16~{Z})-docosa-7,10,13,16-tetraenoate",169,67,931.48,930.76764,C61H102O6,18.54,78.9,49,6,0,6,0,2,0,0.03,0,0.69,0,,f,f,f,None,0.47,Glycerolipids,Triradylcglycerols,Lipids and lipid-like molecules,Triacylglycerols,Fatty acids,Glycerolipids,Triacylglycerols,f
CNP0371963.3,C=C1C(=O)[C@]23CC1CC[C@H]2[C@@]12COC3(O)[C@@H](O)[C@@H]1C(C)(C)C=CC2=O,"InChI=1S/C20H24O5/c1-10-11-4-5-12-18-9-25-20(24,19(12,8-11)15(10)22)16(23)14(18)17(2,3)7-6-13(18)21/h6-7,11-12,14,16,23-24H,1,4-5,8-9H2,2-3H3/t11?,12-,14+,16-,18+,19-,20?/m0/s1",RTIKCEKESDRWAE-BSFNYADYSA-N,,"(1~{S},2~{S},8~{S},10~{S},11~{R})-9,10-dihydroxy-12,12-dimethyl-6-methylene-17-oxapentacyclo[7.6.2.1^{5,8}.0^{1,11}.0^{2,8}]octadec-13-ene-7,15-dione",49,25,344.41,344.16237,C20H24O5,1.39,83.83,0,5,2,5,2,0,0,0.65,0,0.7,6,,f,f,f,O1CC23CC=CCC3CC1C45CCC(CCC24)C5,4.01,Prenol lipids,Diterpenoids,Lipids and lipid-like molecules,Kaurane diterpenoids,Terpenoids,Diterpenoids,Kaurane and Phyllocladane diterpenoids,t
CNP0394608.0,CC(C)NC(=O)N(C)CC1=CC2=CC=CC3=C2N(CC3)C1=O,"InChI=1S/C17H21N3O2/c1-11(2)18-17(22)19(3)10-14-9-13-6-4-5-12-7-8-20(15(12)13)16(14)21/h4-6,9,11H,7-8,10H2,1-3H3,(H,18,22)",SOTNBQVDVASHEG-UHFFFAOYSA-N,STL523253,"3-isopropyl-1-methyl-1-[(11-oxo-1-azatricyclo[6.3.1.0^{4,12}]dodeca-4(12),5,7,9-tetraen-10-yl)methyl]urea",43,22,299.37,299.16338,C17H21N3O2,2.11,54.34,3,3,1,3,1,0,2,0.94,0,0.41,3,280.49,f,f,f,c1cc2C=CCN3c2c(c1)CC3,-1.25,Quinolines and derivatives,Quinolones and derivatives,Organoheterocyclic compounds,Hydroquinolones,Alkaloids,Pseudoalkaloids,Phenylalanine-derived alkaloids,f
CNP0284602.2,CC#CC#CC#C/C=C/[C@@H]1CCCO1,"InChI=1S/C13H12O/c1-2-3-4-5-6-7-8-10-13-11-9-12-14-13/h8,10,13H,9,11-12H2,1H3/b10-8+/t13-/m1/s1",AUFVCWBXKLTXEO-AORWBKJGSA-N,,"(2~{S})-2-[(~{E})-non-1-en-3,5,7-triynyl]tetrahydrofuran",26,14,184.24,184.08882,C13H12O,1.75,9.23,1,1,0,1,0,0,0,0.56,0,0.39,1,,f,f,f,O1CCCC1,2.51,Tetrahydrofurans,Tetrahydrofurans,Organoheterocyclic compounds,Tetrahydrofurans,Fatty acids,,,f
CNP0499159.4,CC[C@H](C)C(=O)O[C@@H]1[C@H](N2CCCCC2)C2=C(C=CC(/C=C/C(=O)N3CCCCC3)=C2O)OC1(C)C,"InChI=1S/C29H42N2O5/c1-5-20(2)28(34)35-27-25(31-18-10-7-11-19-31)24-22(36-29(27,3)4)14-12-21(26(24)33)13-15-23(32)30-16-8-6-9-17-30/h12-15,20,25,27,33H,5-11,16-19H2,1-4H3/b15-13+/t20-,25+,27+/m0/s1",DTYTUVZVFGDVES-IJPAYHPWSA-N,,"[(3~{R},4~{R})-5-hydroxy-2,2-dimethyl-6-[(~{E})-3-oxo-3-(1-piperidyl)prop-1-enyl]-4-(1-piperidyl)chroman-3-yl] (2~{S})-2-methylbutanoate",78,36,498.66,498.30937,C29H42N2O5,5.07,79.31,6,6,1,6,1,1,1,0.44,0,0.66,4,478.27,f,f,f,O1c2ccc(C=CCN3CCCCC3)cc2C(N4CCCCC4)CC1,0.91,Benzopyrans,1-benzopyrans,Organoheterocyclic compounds,"2,2-dimethyl-1-benzopyrans",Alkaloids,,,f
CNP0266376.1,COC1=CC=CC([C@H]2[C@H](C(=O)OC(C)C)C(=O)C[C@](C)(O)[C@H]2C(=O)OC(C)C)=C1,"InChI=1S/C22H30O7/c1-12(2)28-20(24)18-16(23)11-22(5,26)19(21(25)29-13(3)4)17(18)14-8-7-9-15(10-14)27-6/h7-10,12-13,17-19,26H,11H2,1-6H3/t17-,18+,19+,22-/m0/s1",WDGWHTOEYOJRNE-JYLXEMOASA-N,,"diisopropyl (1~{S},2~{R},3~{S},4~{S})-4-hydroxy-2-(3-methoxyphenyl)-4-methyl-6-oxo-cyclohexane-1,3-dicarboxylate",59,29,406.48,406.19915,C22H30O7,2.64,99.13,6,7,1,7,1,0,1,0.57,0,0.59,2,,f,f,f,c1ccc(cc1)C2CCCCC2,0.09,Phenol ethers,Anisoles,Benzenoids,Anisoles,,,,f
CNP0586698.1,CCCCNC(=O)C1=CC=CC(N2N=NN=C2[C@H]2C3=C(OC)C4=C(C=C3CCN2C)OCO4)=C1,"InChI=1S/C24H28N6O4/c1-4-5-10-25-24(31)16-7-6-8-17(12-16)30-23(26-27-28-30)20-19-15(9-11-29(20)2)13-18-21(22(19)32-3)34-14-33-18/h6-8,12-13,20H,4-5,9-11,14H2,1-3H3,(H,25,31)/t20-/m1/s1",YSGSUUYKRVKLLC-HXUWFJFHSA-N,,"~{N}-butyl-3-[5-[(5~{R})-4-methoxy-6-methyl-7,8-dihydro-5~{H}-[1,3]dioxolo[4,5-g]isoquinolin-5-yl]tetrazol-1-yl]benzamide",62,34,464.53,464.2172,C24H28N6O4,2.51,103.63,7,9,1,9,1,0,3,0.53,0,0.42,5,,f,f,f,n1nc(n(n1)-c2ccccc2)C3NCCc4cc5OCOc5cc43,-0.76,Azoles,Tetrazoles,Organoheterocyclic compounds,Phenyltetrazoles and derivatives,Alkaloids,,,f
CNP0147987.1,CC(C)NC(=O)CC[C@@H]1CNC(=O)[C@@H]2C[C@H](NC(=S)NC3=CC=C(N4C=CC=N4)C=C3)CN12,"InChI=1S/C23H31N7O2S/c1-15(2)26-21(31)9-8-19-13-24-22(32)20-12-17(14-29(19)20)28-23(33)27-16-4-6-18(7-5-16)30-11-3-10-25-30/h3-7,10-11,15,17,19-20H,8-9,12-14H2,1-2H3,(H,24,32)(H,26,31)(H2,27,28,33)/t17-,19+,20-/m0/s1",HFBKFQUMIHVDLN-SXLOBPIMSA-N,,"3-[(4~{R},7~{S},8~{a}~{S})-1-oxo-7-[(4-pyrazol-1-ylphenyl)carbamothioylamino]-3,4,6,7,8,8~{a}-hexahydro-2~{H}-pyrrolo[1,2-a]pyrazin-4-yl]-~{N}-isopropyl-propanamide",64,33,469.62,469.22599,C23H31N7O2S,1.4,103.32,7,6,4,6,4,0,2,0.45,0,0.48,4,,f,f,f,n1cccn1-c2ccc(cc2)NCNC3CN4CCNCC4C3,-1.93,Carboxylic acids and derivatives,"Amino acids, peptides, and analogues",Organic acids and derivatives,Alpha amino acid amides,Alkaloids,,,f
CNP0194566.5,COC1=CC=C(CCNC(=O)CCC(=O)OCC(=O)[C@@]2(O)CC[C@H]3[C@H]4CCC5=CC(=O)C=C[C@]5(C)[C@H]4[C@H](O)C[C@@]32C)C=C1OC,"InChI=1S/C35H45NO9/c1-33-14-11-23(37)18-22(33)6-7-24-25-12-15-35(42,34(25,2)19-26(38)32(24)33)29(39)20-45-31(41)10-9-30(40)36-16-13-21-5-8-27(43-3)28(17-21)44-4/h5,8,11,14,17-18,24-26,32,38,42H,6-7,9-10,12-13,15-16,19-20H2,1-4H3,(H,36,40)/t24-,25+,26-,32-,33+,34+,35+/m1/s1",ZFIDMHILIDXBQC-MLHRALBGSA-N,,"[2-[(8~{R},9~{S},10~{R},11~{R},13~{S},14~{S},17~{R})-11,17-dihydroxy-10,13-dimethyl-3-oxo-7,8,9,11,12,14,15,16-octahydro-6~{H}-cyclopenta[a]phenanthren-17-yl]-2-oxo-ethyl] 4-[2-(3,4-dimethoxyphenyl)ethylamino]-4-oxo-butanoate",90,45,623.74,623.30943,C35H45NO9,3.26,148.46,11,9,3,9,3,1,1,0.32,0,0.6,5,,f,f,f,O(CCCCNCCc1ccccc1)CCC2CCC3C2CCC4C5C=CCC=C5CCC43,1.17,Steroids and steroid derivatives,Pregnane steroids,Lipids and lipid-like molecules,"Gluco\/mineralocorticoids, progestogins and derivatives",Terpenoids,Steroids,Pregnane steroids,f
CNP0171089.17,O=C(O)[C@@H]1O[C@H](O)[C@H](O)[C@@H](O)[C@@H]1O,"InChI=1S/C6H10O7/c7-1-2(8)4(5(10)11)13-6(12)3(1)9/h1-4,6-9,12H,(H,10,11)/t1-,2-,3+,4+,6-/m0/s1",AEMOLEFTQBMNLQ-URDJKYRMSA-N,beta-l-iduronic acid,"(2~{R},3~{S},4~{S},5~{R},6~{S})-3,4,5,6-tetrahydroxytetrahydropyran-2-carboxylic acid",23,13,194.14,194.04265,C6H10O7,-3.13,127.45,1,6,5,6,5,0,0,0.3,0,0.83,1,,t,t,f,O1CCCCC1,2.02,Organooxygen compounds,Carbohydrates and carbohydrate conjugates,Organic oxygen compounds,Glucuronic acid derivatives,Carbohydrates,Saccharides,Monosaccharides,t
CNP0135009.1,CO[C@@H]([C@H](C)OC(=O)C1=C(C)C(Cl)=CC(Cl)=C1O)[C@@H](O)[C@]1(C)CC[C@H]([C@@]2(C)C[C@@H](C)[C@@]3(O[C@H](C[C@@H]4O[C@@H]([C@@H](C)C(=O)O)[C@@H](C)CC4C)C[C@@H](OC)[C@H]3C)O2)O1,"InChI=1S/C41H62Cl2O12/c1-19-14-20(2)34(23(5)37(46)47)52-29(19)15-26-16-30(49-10)24(6)41(53-26)21(3)18-40(9,55-41)31-12-13-39(8,54-31)36(45)35(50-11)25(7)51-38(48)32-22(4)27(42)17-28(43)33(32)44/h17,19-21,23-26,29-31,34-36,44-45H,12-16,18H2,1-11H3,(H,46,47)/t19?,20-,21+,23+,24+,25-,26+,29-,30+,31+,34+,35-,36+,39-,40+,41+/m0/s1",TVMWRYCBZQKLFO-HYBUGFISSA-N,,"(2~{R})-2-[(2~{R},3~{S},6~{S})-6-[[(2~{R},4~{R},5~{R},6~{R},7~{R},9~{S})-2-[(2~{R},5~{S})-5-[(1~{R},2~{R},3~{S})-3-(3,5-dichloro-2-hydroxy-6-methyl-benzoyl)oxy-1-hydroxy-2-methoxy-butyl]-5-methyl-tetrahydrofuran-2-yl]-7-methoxy-2,4,6-trimethyl-1,10-dioxaspiro[4.5]decan-9-yl]methyl]-3,5-dimethyl-tetrahydropyran-2-yl]propanoic acid",117,55,817.84,816.36183,C41H62Cl2O12,7.36,159.44,12,11,3,11,3,3,1,0.18,0,0.81,5,,f,f,f,O(Cc1ccccc1)CCCC2OC(CC2)C3OC4(OC(CCC4)CC5OCCCC5)CC3,1.48,Benzene and substituted derivatives,Benzoic acids and derivatives,Benzenoids,o-Hydroxybenzoic acid esters,Polyketides,Polyethers,Polyether ionophores,f
CNP0271693.0,CCC(O)CCCCCCCCCCCCCCCC(=O)NCCC1=CNC2=CC=C(OC3OC(COC4OC(CO)C(O)C(O)C4O)C(O)C(O)C3O)C=C12,"InChI=1S/C41H68N2O13/c1-2-27(45)16-14-12-10-8-6-4-3-5-7-9-11-13-15-17-33(46)42-21-20-26-23-43-30-19-18-28(22-29(26)30)54-41-39(52)37(50)35(48)32(56-41)25-53-40-38(51)36(49)34(47)31(24-44)55-40/h18-19,22-23,27,31-32,34-41,43-45,47-52H,2-17,20-21,24-25H2,1H3,(H,42,46)",QQBXYDZMVCQHBZ-UHFFFAOYSA-N,,"17-hydroxy-~{N}-[2-[5-[3,4,5-trihydroxy-6-[[3,4,5-trihydroxy-6-(hydroxymethyl)tetrahydropyran-2-yl]oxymethyl]tetrahydropyran-2-yl]oxy-1~{H}-indol-3-yl]ethyl]nonadecanamide",124,56,797,796.47214,C41H68N2O13,2.45,243.65,26,13,10,13,10,3,2,0.06,0,0.78,4,,t,t,f,O(c1ccc2[nH]ccc2c1)C3OC(COC4OCCCC4)CCC3,0.85,Fatty Acyls,Fatty acyl glycosides,Lipids and lipid-like molecules,Fatty acyl glycosides of mono- and disaccharides,,,,t
CNP0153572.1,CC(=O)O[C@@H]1CCCC=C1C,"InChI=1S/C9H14O2/c1-7-5-3-4-6-9(7)11-8(2)10/h5,9H,3-4,6H2,1-2H3/t9-/m1/s1",JTMQTZAUJUNVBD-SECBINFHSA-N,,[(1~{R})-2-methylcyclohex-2-en-1-yl] acetate,25,11,154.21,154.09938,C9H14O2,2.05,26.3,1,2,0,2,0,0,0,0.43,0,0.67,1,,f,f,f,C1=CCCCC1,2.03,Carboxylic acids and derivatives,Carboxylic acid derivatives,Organic acids and derivatives,Carboxylic acid esters,,,,f
CNP0118316.1,C=C1[C@@H]2[C@H](O)C[C@@H]3[C@@H](O)[C@@]2(C[C@@H](O)[C@@]2(O)[C@H]1C[C@H](O)C2(C)C)C[C@@]3(C)O,"InChI=1S/C20H32O6/c1-9-10-6-13(22)17(2,3)20(10,26)14(23)7-19-8-18(4,25)11(16(19)24)5-12(21)15(9)19/h10-16,21-26H,1,5-8H2,2-4H3/t10-,11+,12+,13-,14+,15+,16+,18+,19-,20-/m0/s1",DFWNPCBKVDWNQH-GDXROVTESA-N,,"(1~{S},3~{R},4~{R},6~{S},8~{S},10~{S},11~{R},13~{R},14~{R},16~{R})-5,5,14-trimethyl-9-methylene-tetracyclo[11.2.1.0^{1,10}.0^{4,8}]hexadecane-3,4,6,11,14,16-hexol",58,26,368.47,368.21989,C20H32O6,-0.06,121.38,0,6,6,6,6,1,0,0.33,0,0.9,4,,f,f,f,C1CC2CCC34CCC(CCC3CC2C1)C4,3.03,Organooxygen compounds,Alcohols and polyols,Organic oxygen compounds,Tertiary alcohols,Terpenoids,Diterpenoids,Grayanotoxane diterpenoids,f
CNP0390052.1,COC(=O)/C=C(\C)C1=N[C@H]2C[C@@]3(C(=O)N(OC)C4=CC=CC=C43)[C@H]3C[C@@H]1[C@@H]2CO3,"InChI=1S/C22H24N2O5/c1-12(8-19(25)27-2)20-13-9-18-22(10-16(23-20)14(13)11-29-18)15-6-4-5-7-17(15)24(28-3)21(22)26/h4-8,13-14,16,18H,9-11H2,1-3H3/b12-8+/t13-,14+,16+,18-,22+/m1/s1",DFAOGMHFJLSDPA-GKAZSADQSA-N,,"methyl (~{E})-3-[(1~{R},2~{S},4~{S},7~{R},8~{S})-1'-methoxy-2'-oxo-spiro[10-oxa-5-azatricyclo[5.3.1.0^{4,8}]undec-5-ene-2,3'-indoline]-6-yl]but-2-enoate",53,29,396.44,396.16852,C22H24N2O5,2.2,77.43,3,6,0,6,0,0,1,0.58,0,0.5,6,,f,f,f,N1=CC2CC3OCC2C1CC43c5ccccc5NC4,2.02,Indoles and derivatives,Indoles,Organoheterocyclic compounds,Indoles,Alkaloids,,,f
CNP0164641.1,CCCCCC[C@@H]1CCCCCCCCCCC(=O)O[C@H]2[C@H](O1)O[C@H](COC(C)=O)[C@@H](O)[C@@H]2OC(C)=O,"InChI=1S/C28H48O9/c1-4-5-6-13-16-22-17-14-11-9-7-8-10-12-15-18-24(31)37-27-26(34-21(3)30)25(32)23(19-33-20(2)29)36-28(27)35-22/h22-23,25-28,32H,4-19H2,1-3H3/t22-,23-,25-,26+,27-,28-/m1/s1",GKPSJDIKJKQZKB-PUMRMUNQSA-N,,"[(1~{R},14~{R},16~{R},18~{R},19~{R},20~{S})-20-acetoxy-14-hexyl-19-hydroxy-3-oxo-2,15,17-trioxabicyclo[14.4.0]icosan-18-yl]methyl acetate",85,37,528.68,528.32983,C28H48O9,4.75,117.59,8,9,1,9,1,1,0,0.27,0,0.89,2,,f,f,f,O1CCCCCCCCCCCCOC2CCCOC12,1.79,Fatty Acyls,Fatty acyl glycosides,Lipids and lipid-like molecules,Fatty acyl glycosides of mono- and disaccharides,Fatty acids,Fatty acyls,,f
CNP0122427.1,O=C(CC1=CSC(C2=CC=CC=C2)=N1)N1CCCC2=C[C@H]3C[C@H](CN4CCCC[C@H]34)[C@@H]21,"InChI=1S/C26H31N3OS/c30-24(15-22-17-31-26(27-22)18-7-2-1-3-8-18)29-12-6-9-19-13-20-14-21(25(19)29)16-28-11-5-4-10-23(20)28/h1-3,7-8,13,17,20-21,23,25H,4-6,9-12,14-16H2/t20-,21+,23+,25+/m0/s1",DQWLWHLGJIMHCR-KWLZBDKBSA-N,,"1-[(1~{R},2~{S},9~{R},10~{R})-3,15-diazatetracyclo[7.7.1.0^{2,7}.0^{10,15}]heptadec-7-en-3-yl]-2-(2-phenylthiazol-4-yl)ethanone",62,31,433.62,433.21878,C26H31N3OS,4.77,36.44,3,4,0,4,0,0,2,0.65,0,0.54,6,399.79,f,f,f,n1c(scc1CCN2CCCC3=CC4CC(CN5CCCCC54)C32)-c6ccccc6,-0.42,Lupin alkaloids,Aloperine and related alkaloids,Alkaloids and derivatives,Aloperine and related alkaloids,Alkaloids,Lysine alkaloids,Quinolizidine alkaloids,f
CNP0263943.4,CC(=O)O[C@@H]1CC[C@]2(C)[C@H](CC[C@@]3(C)[C@H]2CC[C@@H]2[C@@H]([C@]4(C)CCC(=O)O4)CC[C@@]23C)C1(C)C,"InChI=1S/C29H46O4/c1-18(30)32-23-12-14-26(4)21(25(23,2)3)11-16-28(6)22(26)9-8-19-20(10-15-27(19,28)5)29(7)17-13-24(31)33-29/h19-23H,8-17H2,1-7H3/t19-,20+,21-,22+,23-,26-,27+,28+,29+/m1/s1",CKGAIIJMVWESST-QJJNBRKTSA-N,,"[(3~{R},5~{S},8~{S},9~{S},10~{S},13~{R},14~{S},17~{S})-4,4,8,10,14-pentamethyl-17-[(2~{S})-2-methyl-5-oxo-tetrahydrofuran-2-yl]-2,3,5,6,7,9,11,12,13,15,16,17-dodecahydro-1~{H}-cyclopenta[a]phenanthren-3-yl] acetate",79,33,458.68,458.33961,C29H46O4,6.7,52.6,2,4,0,4,0,1,0,0.43,0,0.93,5,,f,f,f,O1CCCC1C2CCC3C2CCC4C5CCCCC5CCC43,2.82,Prenol lipids,Triterpenoids,Lipids and lipid-like molecules,Triterpenoids,Terpenoids,Triterpenoids,Dammarane and Protostane triterpenoids,f
CNP0124608.3,CC[C@@H](C)C(=O)O[C@@H]1[C@@H](OC(C)=O)[C@]2(C)[C@H](C(C)=O)CC[C@@]23O[C@]32CC[C@H]3C[C@@H](O[C@H]4C[C@@H](OC)[C@H](O[C@@H]5O[C@H](C)[C@@H](O)[C@@H](OC)[C@H]5O)[C@@H](C)O4)CC[C@]3(C)[C@@H]12,"InChI=1S/C42H66O14/c1-11-20(2)37(47)54-34-35-39(7)15-13-26(53-29-19-28(48-9)32(23(5)50-29)55-38-31(46)33(49-10)30(45)22(4)51-38)18-25(39)12-16-41(35)42(56-41)17-14-27(21(3)43)40(42,8)36(34)52-24(6)44/h20,22-23,25-36,38,45-46H,11-19H2,1-10H3/t20-,22-,23-,25+,26+,27+,28-,29+,30-,31-,32-,33-,34+,35-,36-,38+,39+,40+,41+,42-/m1/s1",HRSFCYYMBMDMOU-DGHBTPBZSA-N,,"[(1~{S},3~{R},6~{R},7~{S},8~{S},9~{S},10~{S},11~{S},14~{S},16~{S})-8-acetoxy-6-acetyl-14-[(2~{R},4~{R},5~{R},6~{R})-5-[(2~{S},3~{R},4~{R},5~{R},6~{R})-3,5-dihydroxy-4-methoxy-6-methyl-tetrahydropyran-2-yl]oxy-4-methoxy-6-methyl-tetrahydropyran-2-yl]oxy-7,11-dimethyl-2-oxapentacyclo[8.8.0.0^{1,3}.0^{3,7}.0^{11,16}]octadecan-9-yl] (2~{R})-2-methylbutanoate",122,56,794.98,794.44526,C42H66O14,4.02,178.04,11,14,2,14,2,2,0,0.17,0,0.93,7,,t,t,f,O1CCCCC1OC2COC(OC3CCC4C(CCC56OC76CCCC7CCC45)C3)CC2,2.76,Steroids and steroid derivatives,Steroid esters,Lipids and lipid-like molecules,Steroid esters,Terpenoids,Steroids,Pregnane steroids,t
CNP0442686.1,C[C@@H]1CCC2=CC3=CC=C2[C@H]1C[C@@H](S(=O)(=O)O)[C@H]1C=C2C[C@H](CC4O[C@H]2C2=CC=C(O)C=C2C#CC[C@@H]4CO)C1C1=CC=C(C=C1)[C@@](C[C@H](CO)CCO)(N=C(N)N)O3,"InChI=1S/C46H55N3O9S/c1-26-5-6-30-19-36-12-14-37(30)39(26)22-42(59(54,55)56)40-20-33-17-32(21-41-31(25-52)4-2-3-29-18-35(53)11-13-38(29)44(33)57-41)43(40)28-7-9-34(10-8-28)46(58-36,49-45(47)48)23-27(24-51)15-16-50/h7-14,18-20,26-27,31-32,39-44,50-53H,4-6,15-17,21-25H2,1H3,(H4,47,48,49)(H,54,55,56)/t26-,27-,31-,32-,39+,40-,41?,42-,43?,44-,46+/m1/s1",DHERKIWLEDFSGA-ZALGZGEKSA-N,,"(3~{R},6~{R},16~{R},19~{S},20~{R},22~{S},23~{R},32~{S})-32-guanidino-12-hydroxy-32-[(2~{R})-4-hydroxy-2-(hydroxymethyl)butyl]-6-(hydroxymethyl)-23-methyl-31,40-dioxaoctacyclo[31.2.2.1^{3,17}.1^{5,16}.1^{26,30}.0^{2,19}.0^{10,15}.0^{22,27}]tetraconta-1(36),10,12,14,17,26(38),27,29,33(37),34-decaen-8-yne-20-sulfonic acid",114,59,826.02,825.3659,C46H55N3O9S,5.14,218.15,8,9,7,9,7,3,3,0.05,0,0.5,10,,f,f,f,C1#CCCC2OC(c3ccccc13)C4=CC5CCC6c7ccc(OCc8ccc(cc8)C5C(C4)C2)cc7CCC6,2.81,Tetralins,Tetralins,Benzenoids,Tetralins,,,,f
CNP0266878.1,CC1=C[C@@H](C[C@@H](C)[C@H]2CC[C@@]3(C)C4=C(CC[C@]23C)[C@@]2(C)CC[C@@H](O)C(C)(C)[C@@H]2CC4=O)OC1=O,"InChI=1S/C30H44O4/c1-17(14-19-15-18(2)26(33)34-19)20-8-13-30(7)25-21(9-12-29(20,30)6)28(5)11-10-24(32)27(3,4)23(28)16-22(25)31/h15,17,19-20,23-24,32H,8-14,16H2,1-7H3/t17-,19-,20-,23+,24-,28-,29-,30+/m1/s1",ACGCEODAXBTLQJ-RIZXRZCXSA-N,,"(2~{R})-2-[(2~{R})-2-[(3~{R},5~{R},10~{S},13~{R},14~{R},17~{R})-3-hydroxy-4,4,10,13,14-pentamethyl-7-oxo-1,2,3,5,6,11,12,15,16,17-decahydrocyclopenta[a]phenanthren-17-yl]propyl]-4-methyl-2~{H}-furan-5-one",78,34,468.68,468.32396,C30H44O4,6.17,63.6,3,4,1,4,1,1,0,0.5,0,0.8,5,,f,f,f,O1CC=CC1CCC2CCC3C4=C(CCC32)C5CCCCC5CC4,3.29,Steroids and steroid derivatives,Steroid lactones,Lipids and lipid-like molecules,Withanolides and derivatives,Terpenoids,Triterpenoids,"Lanostane, Tirucallane and Euphane triterpenoids",f
CNP0559250.0,O=C(C[N+]1=CC=CC2=C3C=CC=CC3=CC=C21)C1=CC=C(Br)C=C1,"InChI=1S/C21H15BrNO/c22-17-10-7-16(8-11-17)21(24)14-23-13-3-6-19-18-5-2-1-4-15(18)9-12-20(19)23/h1-13H,14H2/q+1",IHSDRWFGHGPRSN-UHFFFAOYSA-N,AKOS000605435,2-benzo[f]quinolin-4-ium-4-yl-1-(4-bromophenyl)ethanone,39,24,377.26,376.03315,[C21H15BrNO]+,4.93,20.95,3,1,0,1,0,0,4,0.28,1,0.05,4,,f,f,f,c1ccc(cc1)CCn2cccc3c4ccccc4ccc32,-0.56,Quinolines and derivatives,Benzoquinolines,Organoheterocyclic compounds,Benzoquinolines,Shikimates and Phenylpropanoids,Flavonoids,Chalcones,f
CNP0264633.0,CCOC(CC1C2=C(OC)C(OC)=CC=C2C2=CC=C3C=C4OCOC4=CC3=C2N1C)C1=CC(OC)=C(OC)C=C1OC,"InChI=1S/C34H37NO8/c1-8-41-27(23-15-28(38-5)29(39-6)17-26(23)37-4)16-24-32-20(11-12-25(36-3)34(32)40-7)21-10-9-19-13-30-31(43-18-42-30)14-22(19)33(21)35(24)2/h9-15,17,24,27H,8,16,18H2,1-7H3",QJWLGHORUXMFQR-UHFFFAOYSA-N,,"13-[2-ethoxy-2-(2,4,5-trimethoxyphenyl)ethyl]-1,2-dimethoxy-12-methyl-13~{H}-[1,3]benzodioxolo[6,5-c]phenanthridine",80,43,587.67,587.25192,C34H37NO8,6.94,77.08,10,9,0,9,0,2,4,0.2,0,0.35,6,,f,f,f,O1c2cc3ccc4-c5ccccc5C(Nc4c3cc2OC1)CCc6ccccc6,0.83,Benzophenanthridine alkaloids,Dihydrobenzophenanthridine alkaloids,Alkaloids and derivatives,Dihydrobenzophenanthridine alkaloids,Alkaloids,Tyrosine alkaloids,Isoquinoline alkaloids,f
CNP0130527.0,O=C1C2=C(O)C=C(O)C=C2OC(C2=CC=C(O)C=C2)C1OC1OCC(OS(=O)(=O)O)C(O)C1O,"InChI=1S/C20H20O13S/c21-9-3-1-8(2-4-9)18-19(16(25)14-11(23)5-10(22)6-12(14)31-18)32-20-17(26)15(24)13(7-30-20)33-34(27,28)29/h1-6,13,15,17-24,26H,7H2,(H,27,28,29)",GHVWPULZAOHZGS-UHFFFAOYSA-N,,"[6-[5,7-dihydroxy-2-(4-hydroxyphenyl)-4-oxo-chroman-3-yl]oxy-4,5-dihydroxy-tetrahydropyran-3-yl] hydrogen sulfate",54,34,500.43,500.06246,C20H20O13S,-0.23,209.51,5,12,6,12,6,3,2,0.29,0,0.35,4,,t,t,f,O1c2ccccc2CC(OC3OCCCC3)C1c4ccccc4,2.28,Flavonoids,Flavonoid glycosides,Phenylpropanoids and polyketides,Flavonoid-3-O-glycosides,Shikimates and Phenylpropanoids,Flavonoids,Dihydroflavonols,t
CNP0224251.1,CC1=CCC[C@H](C)CCC2=C(C)[C@@H]3[C@H]1CC[C@]3(C)C[C@@H]2O,"InChI=1S/C20H32O/c1-13-6-5-7-14(2)16-10-11-20(4)12-18(21)17(9-8-13)15(3)19(16)20/h7,13,16,18-19,21H,5-6,8-12H2,1-4H3/t13-,16-,18-,19+,20+/m0/s1",PJNOSQMCFHDMLC-KSYRLKCISA-N,"(1~{R},6~{S},10~{S},12~{R},15~{R})-2,6,12,16-tetramethyltricyclo[7.5.2.0^{12,15}]hexadeca-2,9(16)-dien-10-ol","(1~{R},6~{S},10~{S},12~{R},15~{R})-2,6,12,16-tetramethyltricyclo[7.5.2.0^{12,15}]hexadeca-2,9(16)-dien-10-ol",53,21,288.48,288.24532,C20H32O,5.26,20.23,0,1,1,1,1,1,0,0.6,0,0.8,3,,f,f,f,C1=CC2CCC3CCC(=CC23)CCCCC1,2.27,Prenol lipids,Diterpenoids,Lipids and lipid-like molecules,Diterpenoids,Terpenoids,Diterpenoids,Trinervitane diterpenoids,f
CNP0304643.2,C=C1C(=O)O[C@@H]2/C=C(\C)CC/C=C(/C)[C@@H](OC(C)=O)[C@H](OC(=O)[C@@]3(C)O[C@H]3C)[C@@H]12,"InChI=1S/C22H28O7/c1-11-8-7-9-12(2)18(26-15(5)23)19(28-21(25)22(6)14(4)29-22)17-13(3)20(24)27-16(17)10-11/h9-10,14,16-19H,3,7-8H2,1-2,4-6H3/b11-10+,12-9-/t14-,16+,17-,18+,19+,22-/m0/s1",WMCCWRHFUWISGU-PQWLBCOQSA-N,"[(3aS,4R,5R,6Z,10E,11aR)-5-acetyloxy-6,10-dimethyl-3-methylidene-2-oxo-3a,4,5,8,9,11a-hexahydrocyclodeca[b]furan-4-yl] (2S,3S)-2,3-dimethyloxirane-2-carboxylate","[(3~{a}~{S},4~{R},5~{R},6~{Z},10~{E},11~{a}~{R})-5-acetoxy-6,10-dimethyl-3-methylene-2-oxo-3~{a},4,5,8,9,11~{a}-hexahydrocyclodeca[b]furan-4-yl] (2~{S},3~{S})-2,3-dimethyloxirane-2-carboxylate",57,29,404.46,404.1835,C22H28O7,2.79,91.43,3,7,0,7,0,0,0,0.23,0,0.59,3,,f,f,f,O1CCC2C1C=CCCC=CCC2OCC3OC3,3.29,Prenol lipids,Terpene lactones,Lipids and lipid-like molecules,Germacranolides and derivatives,Terpenoids,Sesquiterpenoids,Germacrane sesquiterpenoids,f
CNP0005219.1,CC(=O)N1CCC(NC[C@H]2O[C@H](CC3=NOC(CN4CCOCC4)=C3)CC[C@@H]2O)CC1,"InChI=1S/C22H36N4O5/c1-16(27)26-6-4-17(5-7-26)23-14-22-21(28)3-2-19(30-22)12-18-13-20(31-24-18)15-25-8-10-29-11-9-25/h13,17,19,21-23,28H,2-12,14-15H2,1H3/t19-,21-,22+/m0/s1",CCZGHFRBBDSFCM-ILWGZMRPSA-N,,"1-[4-[[(2~{R},3~{S},6~{S})-3-hydroxy-6-[[5-(morpholinomethyl)isoxazol-3-yl]methyl]tetrahydropyran-2-yl]methylamino]-1-piperidyl]ethanone",67,31,436.55,436.26857,C22H36N4O5,0.56,100.3,7,8,2,8,2,0,1,0.64,0,0.82,4,,f,f,f,n1oc(cc1CC2OC(CNC3CCNCC3)CCC2)CN4CCOCC4,-0.7,Piperidines,N-acylpiperidines,Organoheterocyclic compounds,N-acylpiperidines,Alkaloids,,,f
CNP0289166.2,C=C1[C@@H]2[C@H]([C@H]([C@H](C)OC(C)=O)C(=O)[C@@H]2OC(=O)[C@H](C)CC)[C@@H](C(C)C)C[C@@H]1OC(=O)/C=C(\C)CC,"InChI=1S/C28H42O7/c1-10-15(5)12-22(30)34-21-13-20(14(3)4)25-23(17(21)7)27(35-28(32)16(6)11-2)26(31)24(25)18(8)33-19(9)29/h12,14,16,18,20-21,23-25,27H,7,10-11,13H2,1-6,8-9H3/b15-12+/t16-,18+,20-,21+,23-,24+,25-,27-/m1/s1",BYRCJNYNONDTTJ-LXRPQVPTSA-N,,"[(1~{R},3~{R},3~{a}~{S},5~{S},7~{R},7~{a}~{R})-1-[(1~{S})-1-acetoxyethyl]-7-isopropyl-3-[(2~{R})-2-methylbutanoyl]oxy-4-methylene-2-oxo-3,3~{a},5,6,7,7~{a}-hexahydro-1~{H}-inden-5-yl] (~{E})-3-methylpent-2-enoate",77,35,490.64,490.29305,C28H42O7,4.83,95.97,9,7,0,7,0,0,0,0.2,0,0.71,2,,f,f,f,C1CCC2CCCC2C1,2.53,Prenol lipids,Sesquiterpenoids,Lipids and lipid-like molecules,Sesquiterpenoids,Terpenoids,Sesquiterpenoids,Oplopane sesquiterpenoids,f
CNP0218155.1,CCNC[C@@H](C1=CC=C(O)C(O)=C1)[C@@H](OC(=O)/C=C/C1=CC(O)=C(O)C2=C1C=C(C1=CC(O)=C(O)C=C1C1=CC=CC(O)=C1)CC2)C(=O)O,"InChI=1S/C37H35NO11/c1-2-38-18-28(22-7-10-29(40)30(41)14-22)36(37(47)48)49-34(45)11-8-21-15-33(44)35(46)24-9-6-20(13-25(21)24)27-17-32(43)31(42)16-26(27)19-4-3-5-23(39)12-19/h3-5,7-8,10-17,28,36,38-44,46H,2,6,9,18H2,1H3,(H,47,48)/b11-8+/t28-,36+/m0/s1",JLGAOCABFAKFDV-UFHKVHFMSA-N,,"(2~{R},3~{R})-2-[(~{E})-3-[7-[4,5-dihydroxy-2-(3-hydroxyphenyl)phenyl]-3,4-dihydroxy-5,6-dihydronaphthalen-1-yl]prop-2-enoyl]oxy-3-(3,4-dihydroxyphenyl)-4-(ethylamino)butanoic acid",84,49,669.68,669.22101,C37H35NO11,5.18,217.24,11,11,9,11,9,4,4,0.06,0,0.19,5,,f,f,f,O(CC=Cc1cccc2c1C=C(c3ccccc3-c4ccccc4)CC2)CCc5ccccc5,1.51,Naphthalenes,Phenylnaphthalenes,Benzenoids,Phenylnaphthalenes,Shikimates and Phenylpropanoids,,,f
CNP0531375.1,CCCCCCCCCCCCCCCCCCC(=O)O[C@H](COC(=O)CCCCCCCCCCCCCCCCC(C)C)COC(=O)CCCCCCCCCCCC(C)C,"InChI=1S/C57H110O6/c1-6-7-8-9-10-11-12-13-14-15-20-23-28-34-39-44-49-57(60)63-54(51-62-56(59)48-43-38-33-29-24-26-31-36-41-46-53(4)5)50-61-55(58)47-42-37-32-27-22-19-17-16-18-21-25-30-35-40-45-52(2)3/h52-54H,6-51H2,1-5H3/t54-/m1/s1",UVNBOKXWJRQPOI-AXAMJWTMSA-N,TG(i-15:0/19:0/i-20:0),[(2~{R})-3-(13-methyltetradecanoyloxy)-2-nonadecanoyloxy-propyl] 18-methylnonadecanoate,173,63,891.5,890.83024,C57H110O6,18.48,78.9,51,6,0,6,0,2,0,0.03,0,0.95,0,,f,f,f,None,0.28,Glycerolipids,Triradylcglycerols,Lipids and lipid-like molecules,Triacylglycerols,Fatty acids,Glycerolipids,Triacylglycerols,f
CNP0366331.1,CC(C)(O)C#CCN1CCCC[C@H]1C1=CC=CN=C1,"InChI=1S/C16H22N2O/c1-16(2,19)9-6-12-18-11-4-3-8-15(18)14-7-5-10-17-13-14/h5,7,10,13,15,19H,3-4,8,11-12H2,1-2H3/t15-/m0/s1",PQTFYRDCILTAGW-HNNXBMFYSA-N,STK685562,2-methyl-5-[(2~{S})-2-(3-pyridyl)-1-piperidyl]pent-3-yn-2-ol,41,19,258.37,258.17321,C16H22N2O,2.38,36.36,2,3,1,3,1,0,1,0.83,0,0.56,2,,f,f,f,n1cccc(c1)C2NCCCC2,-0.67,,Alkaloids and derivatives,Alkaloids and derivatives,Alkaloids and derivatives,Alkaloids,Nicotinic acid alkaloids,Pyridine alkaloids,f
CNP0144233.3,COC(=O)/C(C)=C\CC[C@H](C)[C@@H]1CC[C@]2(C)C3=CC[C@H]4C(C)(C)C(=O)CC[C@]4(C)[C@H]3CC[C@@]12C,"InChI=1S/C31H48O3/c1-20(10-9-11-21(2)27(33)34-8)22-14-18-31(7)24-12-13-25-28(3,4)26(32)16-17-29(25,5)23(24)15-19-30(22,31)6/h11-12,20,22-23,25H,9-10,13-19H2,1-8H3/b21-11-/t20-,22-,23-,25-,29+,30-,31+/m0/s1",PHFHKTUUXFZBJK-PCMXIFDSSA-N,,"methyl (~{Z},6~{S})-2-methyl-6-[(5~{R},9~{R},10~{R},13~{S},14~{S},17~{S})-4,4,10,13,14-pentamethyl-3-oxo-1,2,5,6,9,11,12,15,16,17-decahydrocyclopenta[a]phenanthren-17-yl]hept-2-enoate",82,34,468.72,468.36035,C31H48O3,7.7,43.37,5,3,0,3,0,1,0,0.24,0,0.81,4,,f,f,f,C1=C2C3CCCC3CCC2C4CCCCC4C1,3.41,Steroids and steroid derivatives,Oxosteroids,Lipids and lipid-like molecules,Oxosteroids,Terpenoids,Triterpenoids,"Lanostane, Tirucallane and Euphane triterpenoids",f
CNP0285939.2,CC1=C(C=CC2=CCC[C@@]3(C)C2CC[C@@H]3[C@H](C)CCCC(C)C)C[C@@H](O)CC1,"InChI=1S/C27H44O/c1-19(2)8-6-9-21(4)25-15-16-26-22(10-7-17-27(25,26)5)12-13-23-18-24(28)14-11-20(23)3/h10,12-13,19,21,24-26,28H,6-9,11,14-18H2,1-5H3/t21-,24+,25-,26?,27-/m1/s1",YUGCAAVRZWBXEQ-CJJWQTMXSA-N,,"(1~{S})-3-[2-[(1~{R},7~{a}~{R})-1-[(1~{R})-1,5-dimethylhexyl]-7~{a}-methyl-1,2,3,3~{a},6,7-hexahydroinden-4-yl]vinyl]-4-methyl-cyclohex-3-en-1-ol",72,28,384.65,384.33922,C27H44O,7.62,20.23,7,1,1,1,1,1,0,0.48,0,0.78,3,,f,f,f,C(=CC1=CCCC2CCCC12)C3=CCCCC3,2.21,Steroids and steroid derivatives,Vitamin D and derivatives,Lipids and lipid-like molecules,Vitamin D and derivatives,Terpenoids,Steroids,Vitamin D3 and derivatives,f
CNP0361681.3,CO[C@]1(CC[C@@H](C)CNC(C)=O)O[C@@H]2C[C@H]3[C@H]4CC=C5C[C@H](OC(C)=O)CC[C@]5(C)[C@@H]4CC[C@]3(C)[C@H]2[C@@H]1C,"InChI=1S/C32H51NO5/c1-19(18-33-21(3)34)10-15-32(36-7)20(2)29-28(38-32)17-27-25-9-8-23-16-24(37-22(4)35)11-13-30(23,5)26(25)12-14-31(27,29)6/h8,19-20,24-29H,9-18H2,1-7H3,(H,33,34)/t19-,20+,24-,25+,26-,27+,28-,29+,30+,31+,32-/m1/s1",FTAZSEIQLQVOPL-URWMVQKBSA-N,,"[(1~{R},2~{S},4~{R},6~{R},7~{S},8~{R},9~{S},12~{R},13~{R},16~{R})-6-[(3~{R})-4-acetamido-3-methyl-butyl]-6-methoxy-7,9,13-trimethyl-5-oxapentacyclo[10.8.0.0^{2,9}.0^{4,8}.0^{13,18}]icos-18-en-16-yl] acetate",89,38,529.76,529.37672,C32H51NO5,6.04,73.86,7,5,1,5,1,2,0,0.32,0,0.88,5,,f,f,f,O1CCC2C1CC3C4CC=C5CCCCC5C4CCC23,2.53,Steroids and steroid derivatives,Furostanes and derivatives,Lipids and lipid-like molecules,Furostanes and derivatives,Terpenoids,Steroids,Furostane steroids,t
CNP0128208.4,CC1(C)C[C@@H]([C@@H](CC(N)=O)C2=CC=CC=C2)CCO1,"InChI=1S/C16H23NO2/c1-16(2)11-13(8-9-19-16)14(10-15(17)18)12-6-4-3-5-7-12/h3-7,13-14H,8-11H2,1-2H3,(H2,17,18)/t13-,14-/m0/s1",WTXVBWDUFXDUFR-KBPBESRZSA-N,,"(3~{R})-3-[(4~{S})-2,2-dimethyltetrahydropyran-4-yl]-3-phenyl-propanamide",42,19,261.37,261.17288,C16H23NO2,2.85,52.32,4,2,1,2,1,0,1,0.91,0,0.56,2,,f,f,f,O1CCC(Cc2ccccc2)CC1,0.2,Oxanes,Oxanes,Organoheterocyclic compounds,Oxanes,Alkaloids,,,f
CNP0138960.1,CCCCCCCCCC[C@H]1CC[C@@H](CCC[C@H](O)CCCO)O1,"InChI=1S/C21H42O3/c1-2-3-4-5-6-7-8-9-14-20-16-17-21(24-20)15-10-12-19(23)13-11-18-22/h19-23H,2-18H2,1H3/t19-,20-,21+/m0/s1",HWPCQGCANKCDOP-PCCBWWKXSA-N,,"(4~{S})-7-[(2~{R},5~{S})-5-decyltetrahydrofuran-2-yl]heptane-1,4-diol",66,24,342.56,342.3134,C21H42O3,5.37,49.69,16,3,2,3,2,1,0,0.37,0,1,1,,f,f,f,O1CCCC1,1.33,Fatty Acyls,Fatty alcohols,Lipids and lipid-like molecules,Fatty alcohols,Fatty acids,Fatty acyls,Fatty alcohols,f
CNP0388761.2,C=C1C(=O)O[C@H]2[C@H]1[C@@H](OC(=O)/C(C)=C\C)C[C@@]1(C)O[C@@H]1[C@@H](O)C[C@@]1(C)O[C@@H]21,"InChI=1S/C20H26O7/c1-6-9(2)17(22)24-12-8-20(5)15(26-20)11(21)7-19(4)16(27-19)14-13(12)10(3)18(23)25-14/h6,11-16,21H,3,7-8H2,1-2,4-5H3/b9-6-/t11-,12-,13+,14-,15+,16-,19+,20+/m0/s1",VTVUOBPOMRHXEC-UDBNZNBJSA-N,,"[(1~{S},2~{S},4~{R},6~{S},7~{R},9~{R},11~{S},12~{R})-6-hydroxy-4,9-dimethyl-13-methylene-14-oxo-3,8,15-trioxatetracyclo[10.3.0.0^{2,4}.0^{7,9}]pentadecan-11-yl] (~{Z})-2-methylbut-2-enoate",53,27,378.42,378.16785,C20H26O7,1.43,97.89,2,7,1,7,1,0,0,0.44,0,0.7,4,,f,f,f,O1CCC2CCC3OC3CCC4OC4C12,3.24,Prenol lipids,Terpene lactones,Lipids and lipid-like molecules,Terpene lactones,Terpenoids,Sesquiterpenoids,Germacrane sesquiterpenoids,f
CNP0274020.2,COC1=CC=C2C(=C1)C(=O)OC1=C(C)C(O[C@H](C)C(=O)NC[C@H]3CC[C@H](C(=O)O)CC3)=CC=C12,"InChI=1S/C26H29NO7/c1-14-22(33-15(2)24(28)27-13-16-4-6-17(7-5-16)25(29)30)11-10-20-19-9-8-18(32-3)12-21(19)26(31)34-23(14)20/h8-12,15-17H,4-7,13H2,1-3H3,(H,27,28)(H,29,30)/t15-,16-,17-/m1/s1",UNQWRJQUEITUOQ-BRWVUGGUSA-N,trans-4-[[[(2R)-2-(8-methoxy-4-methyl-6-oxobenzo[c]chromen-3-yl)oxypropanoyl]amino]methyl]cyclohexane-1-carboxylic acid,trans-4-[[[(2~{R})-2-(8-methoxy-4-methyl-6-oxo-benzo[c]chromen-3-yl)oxypropanoyl]amino]methyl]cyclohexanecarboxylic acid,63,34,467.52,467.1944,C26H29NO7,4.04,115.07,7,6,2,6,2,0,3,0.4,0,0.42,4,,f,f,f,O(c1ccc-2c(OCc3ccccc23)c1)CCNCC4CCCCC4,-0.46,Coumarins and derivatives,Coumarins and derivatives,Phenylpropanoids and polyketides,Coumarins and derivatives,Shikimates and Phenylpropanoids,Coumarins,Simple coumarins,f
CNP0407980.1,CCCN1C(=O)C2=CC=CC=C2N2C(=O)CC[C@@]12C(=O)NC1=CC=CC(OC)=C1,"InChI=1S/C22H23N3O4/c1-3-13-24-20(27)17-9-4-5-10-18(17)25-19(26)11-12-22(24,25)21(28)23-15-7-6-8-16(14-15)29-2/h4-10,14H,3,11-13H2,1-2H3,(H,23,28)/t22-/m1/s1",JENDLOAQAATDJO-JOCHJYFZSA-N,AKOS032440746,"(3~{a}~{R})-~{N}-(3-methoxyphenyl)-1,5-dioxo-4-propyl-2,3-dihydropyrrolo[1,2-a]quinazoline-3~{a}-carboxamide",52,29,393.44,393.16886,C22H23N3O4,3.02,78.95,5,4,1,4,1,0,2,0.85,0,0.32,4,353.78,f,f,f,c1ccc(cc1)NCC23NCc4ccccc4N3CCC2,-0.97,Carboxylic acids and derivatives,"Amino acids, peptides, and analogues",Organic acids and derivatives,Alpha amino acid amides,Alkaloids,Anthranilic acid alkaloids,Benzodiazepine alkaloids,f
CNP0087191.4,COC1=CC2=C(C=C1O)[C@H](C1=CC=C(O)C=C1)[C@@H](C)[C@H](C)C2,"InChI=1S/C19H22O3/c1-11-8-14-9-18(22-3)17(21)10-16(14)19(12(11)2)13-4-6-15(20)7-5-13/h4-7,9-12,19-21H,8H2,1-3H3/t11-,12+,19+/m1/s1",ZZNLYJRVCVLQOY-UFYHVXEKSA-N,,"(2~{R},3~{S},4~{S})-4-(4-hydroxyphenyl)-7-methoxy-2,3-dimethyl-tetralin-6-ol",44,22,298.38,298.15689,C19H22O3,4.07,49.69,2,3,2,3,2,0,2,0.88,0,0.37,3,,f,f,f,c1ccc(cc1)C2c3ccccc3CCC2,1.72,Aryltetralin lignans,Aryltetralin lignans,"Lignans, neolignans and related compounds",Aryltetralin lignans,Shikimates and Phenylpropanoids,Lignans,Arylnaphthalene and aryltetralin lignans,f
CNP0252025.4,COC1=CC(C2=COC3=CC(O[C@H]4O[C@H](CO)[C@H](O)[C@@H](O)[C@H]4O)=C(OC)C(O)=C3C2=O)=CC=C1O,"InChI=1S/C23H24O12/c1-31-12-5-9(3-4-11(12)25)10-8-33-13-6-14(22(32-2)19(28)16(13)17(10)26)34-23-21(30)20(29)18(27)15(7-24)35-23/h3-6,8,15,18,20-21,23-25,27-30H,7H2,1-2H3/t15-,18+,20-,21-,23+/m1/s1",XVNKSNSGLVWSFS-YWPLBBIESA-N,,"5-hydroxy-3-(4-hydroxy-3-methoxy-phenyl)-6-methoxy-7-[(2~{R},3~{R},4~{R},5~{R},6~{R})-3,4,5-trihydroxy-6-(hydroxymethyl)tetrahydropyran-2-yl]oxy-chromen-4-one",59,35,492.43,492.12678,C23H24O12,0.07,188.51,6,12,6,12,6,2,3,0.27,0,0.35,4,,t,t,f,O1C=C(c2ccccc2)Cc3ccc(OC4OCCCC4)cc13,1.94,Isoflavonoids,Isoflavonoid O-glycosides,Phenylpropanoids and polyketides,Isoflavonoid O-glycosides,Shikimates and Phenylpropanoids,Isoflavonoids,Isoflavones,t
CNP0182550.0,CC(CO)C1=CCC2(C)C(OC3OC(CO)C(O)C(O)C3O)CCC(C)(O)C2C1,"InChI=1S/C21H36O8/c1-11(9-22)12-4-6-20(2)14(8-12)21(3,27)7-5-15(20)29-19-18(26)17(25)16(24)13(10-23)28-19/h4,11,13-19,22-27H,5-10H2,1-3H3",PXEVRUWLGSRSMK-UHFFFAOYSA-N,,"2-[[4-hydroxy-6-(2-hydroxy-1-methyl-ethyl)-4,8~{a}-dimethyl-1,2,3,4~{a},5,8-hexahydronaphthalen-1-yl]oxy]-6-(hydroxymethyl)tetrahydropyran-3,4,5-triol",65,29,416.51,416.24102,C21H36O8,-0.31,139.84,5,8,6,8,6,1,0,0.34,0,0.91,3,,t,t,f,O1CCCCC1OC2CCCC3CC=CCC23,2.85,Prenol lipids,Terpene glycosides,Lipids and lipid-like molecules,Terpene glycosides,Terpenoids,Sesquiterpenoids,Eudesmane sesquiterpenoids,t
CNP0060284.0,COC1=CC=CC=C1N1CCN(CC(=O)NC2=C3CCCCC3=NC3=C2CCC3)CC1,"InChI=1S/C25H32N4O2/c1-31-23-12-5-4-11-22(23)29-15-13-28(14-16-29)17-24(30)27-25-18-7-2-3-9-20(18)26-21-10-6-8-19(21)25/h4-5,11-12H,2-3,6-10,13-17H2,1H3,(H,26,27,30)",VETJFZJHMKNJBC-UHFFFAOYSA-N,STK372764,"~{N}-(2,3,5,6,7,8-hexahydro-1~{H}-cyclopenta[b]quinolin-9-yl)-2-[4-(2-methoxyphenyl)piperazin-1-yl]acetamide",63,31,420.56,420.25253,C25H32N4O2,3.22,57.7,5,5,1,5,1,0,2,0.8,0,0.52,5,,f,f,f,n1c2c(c(NCCN3CCN(c4ccccc4)CC3)c5c1CCCC5)CCC2,-1.44,Diazinanes,Piperazines,Organoheterocyclic compounds,Phenylpiperazines,Alkaloids,,,f
CNP0053892.0,CC(=O)NC1=CC=C(C2=CC=CC=C2)C=C1,"InChI=1S/C14H13NO/c1-11(16)15-14-9-7-13(8-10-14)12-5-3-2-4-6-12/h2-10H,1H3,(H,15,16)",SVLDILRDQOVJED-UHFFFAOYSA-N,4075-79-0,~{N}-(4-phenylphenyl)acetamide,29,16,211.26,211.09971,C14H13NO,3.31,29.1,2,1,1,1,1,0,2,0.81,0,0.07,2,,f,f,f,c1ccc(cc1)-c2ccccc2,-0.97,Benzene and substituted derivatives,Anilides,Benzenoids,Acetanilides,Shikimates and Phenylpropanoids,,,f
CNP0599444.0,COC1=CC=CC(C(C2=C(O)C3=CC=CC=C3OC2=O)C2=C(O)C3=CC=CC=C3OC2=O)=C1,"InChI=1S/C26H18O7/c1-31-15-8-6-7-14(13-15)20(21-23(27)16-9-2-4-11-18(16)32-25(21)29)22-24(28)17-10-3-5-12-19(17)33-26(22)30/h2-13,20,27-28H,1H3",UNBKYLFATLEILA-UHFFFAOYSA-N,4-hydroxy-3-[(4-hydroxy-2-oxochromen-3-yl)-(3-methoxyphenyl)methyl]chromen-2-one,4-hydroxy-3-[(4-hydroxy-2-oxo-chromen-3-yl)-(3-methoxyphenyl)methyl]chromen-2-one,51,33,442.42,442.10525,C26H18O7,4.5,110.11,4,7,2,7,2,0,5,0.39,0,0.08,5,,f,f,f,O1c2ccccc2C=C(C1)C(c3ccccc3)C4=Cc5ccccc5OC4,-0.01,Coumarins and derivatives,Hydroxycoumarins,Phenylpropanoids and polyketides,4-hydroxycoumarins,Shikimates and Phenylpropanoids,Coumarins,Simple coumarins,f
CNP0399177.1,C=C1CC[C@@H]2[C@H](OC(=O)[C@]2(O)COC(C)=O)[C@H]2[C@@H](C)C(=O)C[C@@H]12,"InChI=1S/C17H22O6/c1-8-4-5-12-15(14-9(2)13(19)6-11(8)14)23-16(20)17(12,21)7-22-10(3)18/h9,11-12,14-15,21H,1,4-7H2,2-3H3/t9-,11-,12+,14-,15-,17-/m0/s1",IRSYULSNVRLREI-NFLUCLIESA-N,"[(3R,3aR,6aR,9R,9aR,9bR)-3-hydroxy-9-methyl-6-methylidene-2,8-dioxo-3a,4,5,6a,7,9,9a,9b-octahydroazuleno[4,5-b]furan-3-yl]methyl acetate","[(3~{R},3~{a}~{R},6~{a}~{R},9~{R},9~{a}~{R},9~{b}~{R})-3-hydroxy-9-methyl-6-methylene-2,8-dioxo-3~{a},4,5,6~{a},7,9,9~{a},9~{b}-octahydroazuleno[4,5-b]furan-3-yl]methyl acetate",45,23,322.36,322.14164,C17H22O6,1.01,89.9,2,6,1,6,1,0,0,0.6,0,0.71,3,,f,f,f,O1CCC2CCCC3CCCC3C12,2.99,Prenol lipids,Terpene lactones,Lipids and lipid-like molecules,Guaianolides and derivatives,Terpenoids,Sesquiterpenoids,Guaiane sesquiterpenoids,f
CNP0244431.0,O=C1N(C2=CC=CC=C2)C2=CC=CC=C2C1(CC1=CC=NC=C1)CC1=CC=NC=C1,"InChI=1S/C26H21N3O/c30-25-26(18-20-10-14-27-15-11-20,19-21-12-16-28-17-13-21)23-8-4-5-9-24(23)29(25)22-6-2-1-3-7-22/h1-17H,18-19H2",YEJCDKJIEMIWRQ-UHFFFAOYSA-N,Linopirdine,"1-phenyl-3,3-bis(4-pyridylmethyl)indolin-2-one",51,30,391.47,391.16846,C26H21N3O,4.88,46.09,5,3,0,3,0,0,4,0.49,0,0.12,5,358.57,f,f,f,n1ccc(cc1)CC2(c3ccccc3N(c4ccccc4)C2)Cc5ccncc5,-0.35,Indoles and derivatives,Indoles,Organoheterocyclic compounds,Indoles,Alkaloids,Nicotinic acid alkaloids,Pyridine alkaloids,f
CNP0587983.1,CC/C=C\C/C=C\C/C=C\C/C=C\C/C=C\C/C=C\CCC(=O)O[C@H](COC(=O)CCCCCCC/C=C\C/C=C\CCCCC)COC(=O)CCCCCCC/C=C\CCCCCCCC,"InChI=1S/C61H100O6/c1-4-7-10-13-16-19-22-25-28-29-30-31-34-37-40-43-46-49-52-55-61(64)67-58(56-65-59(62)53-50-47-44-41-38-35-32-26-23-20-17-14-11-8-5-2)57-66-60(63)54-51-48-45-42-39-36-33-27-24-21-18-15-12-9-6-3/h7,10,16-17,19-20,25-28,30-33,37,40,46,49,58H,4-6,8-9,11-15,18,21-24,29,34-36,38-39,41-45,47-48,50-57H2,1-3H3/b10-7-,19-16-,20-17-,28-25-,31-30-,32-26-,33-27-,40-37-,49-46-/t58-/m1/s1",YAHLMNLAELAOFQ-MAHWBAPTSA-N,1-Oleoyl-2-docosahexaenoyl-3-linoleoyl-glycerol,"[(1~{S})-1-[[(9~{Z},12~{Z})-octadeca-9,12-dienoyl]oxymethyl]-2-[(~{Z})-octadec-9-enoyl]oxy-ethyl] (4~{Z},7~{Z},10~{Z},13~{Z},16~{Z},19~{Z})-docosa-4,7,10,13,16,19-hexaenoate",167,67,929.46,928.75199,C61H100O6,18.31,78.9,48,6,0,6,0,2,0,0.03,0,0.66,0,,f,f,f,None,0.59,Glycerolipids,Triradylcglycerols,Lipids and lipid-like molecules,Triacylglycerols,Fatty acids,Glycerolipids,Triacylglycerols,f
CNP0153482.2,C[C@@H]1CC[C@@]2(OC1)O[C@H]1C[C@H]3[C@@H]4CC=C5C[C@@H](O[C@@H]6O[C@H](CO)[C@@H](O[C@@H]7O[C@@H](C)[C@H](O[C@@H]8O[C@@H](C)[C@H](O)[C@@H](O[C@@H]9O[C@@H](C)[C@H](O)[C@@H](O)[C@H]9O)[C@H]8O)[C@@H](O)[C@H]7O)[C@H](O)[C@H]6O)CC[C@]5(C)[C@H]4CC[C@]3(C)[C@H]1[C@@H]2C,"InChI=1S/C51H82O20/c1-20-10-15-51(62-19-20)21(2)32-30(71-51)17-29-27-9-8-25-16-26(11-13-49(25,6)28(27)12-14-50(29,32)7)66-47-40(60)37(57)43(31(18-52)67-47)69-46-39(59)36(56)42(24(5)65-46)68-48-41(61)44(34(54)23(4)64-48)70-45-38(58)35(55)33(53)22(3)63-45/h8,20-24,26-48,52-61H,9-19H2,1-7H3/t20-,21+,22+,23+,24+,26+,27-,28+,29+,30+,31-,32+,33+,34+,35-,36+,37-,38-,39-,40-,41-,42+,43-,44-,45+,46+,47-,48+,49+,50+,51-/m1/s1",UUXGVVLMHCGYGL-FWMGEYFKSA-N,,"(2~{S},3~{R},4~{R},5~{R},6~{S})-2-[(2~{S},3~{R},4~{R},5~{S},6~{S})-2-[(2~{S},3~{R},4~{S},5~{R},6~{S})-6-[(2~{R},3~{S},4~{R},5~{R},6~{R})-4,5-dihydroxy-2-(hydroxymethyl)-6-[(1~{S},2~{S},4~{S},5'~{R},6~{R},7~{S},8~{R},9~{S},12~{S},13~{R},16~{S})-5',7,9,13-tetramethylspiro[5-oxapentacyclo[10.8.0.0^{2,9}.0^{4,8}.0^{13,18}]icos-18-ene-6,2'-tetrahydropyran]-16-yl]oxy-tetrahydropyran-3-yl]oxy-4,5-dihydroxy-2-methyl-tetrahydropyran-3-yl]oxy-3,5-dihydroxy-6-methyl-tetrahydropyran-4-yl]oxy-6-methyl-tetrahydropyran-3,4,5-triol",153,71,1015.2,1014.53995,C51H82O20,0.09,294.6,9,20,10,20,10,3,0,0.14,0,0.96,10,,t,t,f,O1CCCCC1OC2CCOC(OC3COC(OC4COC(OC5CC6=CCC7C(CCC8C7CC9OC%10(OCCCC%10)CC98)C6CC5)CC4)CC3)C2,2.21,Organooxygen compounds,Carbohydrates and carbohydrate conjugates,Organic oxygen compounds,Monosaccharides,Terpenoids,Steroids,Spirostane steroids,t
CNP0372050.0,CCCCCC(=O)OCC(COC(=O)CCCCC)OC(=O)CCCCC,"InChI=1S/C21H38O6/c1-4-7-10-13-19(22)25-16-18(27-21(24)15-12-9-6-3)17-26-20(23)14-11-8-5-2/h18H,4-17H2,1-3H3",MAYCICSNZYXLHB-UHFFFAOYSA-N,TRICAPROIN,"2,3-di(hexanoyloxy)propyl hexanoate",65,27,386.53,386.26684,C21H38O6,4.73,78.9,17,6,0,6,0,0,0,0.2,0,0.86,0,,f,f,f,None,0.45,Glycerolipids,Triradylcglycerols,Lipids and lipid-like molecules,Triacylglycerols,Fatty acids,Glycerolipids,Triacylglycerols,f
CNP0296479.2,C[C@@H]1O[C@@H](O[C@H]2[C@H](O)[C@@H](O)[C@H](OC[C@H]3O[C@@H](OC(=O)[C@]45CCC(C)(C)C[C@H]4C4=CC[C@@H]6[C@@]7(C)C[C@@H](O)[C@H](O)[C@@](C)(CO)[C@@H]7CC[C@@]6(C)[C@]4(C)CC5)[C@H](O)[C@@H](O)[C@@H]3O)O[C@@H]2CO)[C@H](O)[C@H](O)[C@H]1O[C@@H]1OC[C@@H](O)[C@H](O)[C@H]1O,"InChI=1S/C53H86O23/c1-22-40(74-44-36(63)31(58)26(57)19-69-44)34(61)39(66)45(71-22)75-41-27(18-54)72-43(38(65)35(41)62)70-20-28-32(59)33(60)37(64)46(73-28)76-47(68)53-14-12-48(2,3)16-24(53)23-8-9-30-49(4)17-25(56)42(67)50(5,21-55)29(49)10-11-52(30,7)51(23,6)13-15-53/h8,22,24-46,54-67H,9-21H2,1-7H3/t22-,24-,25+,26+,27+,28+,29+,30+,31-,32+,33-,34-,35+,36+,37+,38+,39+,40-,41+,42-,43+,44-,45-,46-,49-,50-,51+,52+,53-/m0/s1",PDZSFGCKMJZIAR-MADPBGFCSA-N,,"[(2~{S},3~{R},4~{S},5~{S},6~{R})-6-[[(2~{R},3~{R},4~{R},5~{S},6~{R})-5-[(2~{S},3~{R},4~{S},5~{R},6~{S})-3,4-dihydroxy-6-methyl-5-[(2~{S},3~{R},4~{S},5~{R})-3,4,5-trihydroxytetrahydropyran-2-yl]oxy-tetrahydropyran-2-yl]oxy-3,4-dihydroxy-6-(hydroxymethyl)tetrahydropyran-2-yl]oxymethyl]-3,4,5-trihydroxy-tetrahydropyran-2-yl] (4~{a}~{S},6~{a}~{R},6~{a}~{S},6~{b}~{R},8~{a}~{R},9~{R},10~{R},11~{R},12~{a}~{R},14~{b}~{S})-10,11-dihydroxy-9-(hydroxymethyl)-2,2,6~{a},6~{b},9,12~{a}-hexamethyl-1,3,4,5,6,6~{a},7,8,8~{a},10,11,12,13,14~{b}-tetradecahydropicene-4~{a}-carboxylate",162,76,1091.25,1090.55599,C53H86O23,-2.43,374.13,11,23,14,23,14,3,0,0.08,0,0.94,9,,t,t,f,O1CCCCC1OC2COC(OC3COC(OCC4OC(OCC56CCCCC6C7=CCC8C(CCC9CCCCC98)C7CC5)CCC4)CC3)CC2,2.44,Steroids and steroid derivatives,Hydroxysteroids,Lipids and lipid-like molecules,Hydroxysteroids,Terpenoids,Triterpenoids,Oleanane triterpenoids,t
CNP0149859.2,CC(=O)OC(C)(C)/C=C/C(=O)[C@](C)(O)[C@H]1[C@H](O)C[C@@]2(C)[C@@H]3CC=C4[C@@H](CC[C@H](O)C4(C)C)[C@]3(CO)C(=O)C[C@]12C,"InChI=1S/C32H48O8/c1-18(34)40-27(2,3)14-13-24(37)31(8,39)26-21(35)15-29(6)22-11-9-19-20(10-12-23(36)28(19,4)5)32(22,17-33)25(38)16-30(26,29)7/h9,13-14,20-23,26,33,35-36,39H,10-12,15-17H2,1-8H3/b14-13+/t20-,21-,22+,23+,26+,29+,30-,31+,32+/m1/s1",DGIGXLXLGBAJJN-TUOUHCSQSA-N,CUCURBITACIN C,"[(~{E},5~{R})-5-[(3~{S},8~{S},9~{R},10~{R},13~{R},14~{S},16~{R},17~{R})-3,16-dihydroxy-9-(hydroxymethyl)-4,4,13,14-tetramethyl-11-oxo-1,2,3,7,8,10,12,15,16,17-decahydrocyclopenta[a]phenanthren-17-yl]-5-hydroxy-1,1-dimethyl-4-oxo-hex-2-enyl] acetate",88,40,560.73,560.33492,C32H48O8,3.29,141.36,6,8,4,8,4,1,0,0.22,0,0.78,4,526.71,f,f,f,C1=C2CCCCC2C3CCC4CCCC4C3C1,3.13,Steroids and steroid derivatives,Cucurbitacins,Lipids and lipid-like molecules,Cucurbitacins,Terpenoids,Triterpenoids,Cucurbitane triterpenoids,f
CNP0209858.10,C[C@@H](CC[C@]1(O)O[C@H]2C[C@@H]3[C@@H]4CC[C@H]5C[C@@H](O[C@@H]6O[C@H](CO)[C@H](O[C@@H]7O[C@H](CO)[C@@H](O)[C@H](O[C@@H]8OC[C@@H](O)[C@H](O)[C@H]8O)[C@H]7O[C@@H]7O[C@H](CO)[C@@H](O)[C@H](O)[C@H]7O)[C@H](O)[C@H]6O)CC[C@]5(C)[C@H]4CC[C@]3(C)[C@H]2[C@@H]1C)CO[C@@H]1O[C@H](CO)[C@@H](O)[C@H](O)[C@H]1O,"InChI=1S/C56H94O28/c1-21(19-74-49-43(70)39(66)36(63)30(15-57)77-49)7-12-56(73)22(2)34-29(84-56)14-27-25-6-5-23-13-24(8-10-54(23,3)26(25)9-11-55(27,34)4)76-51-45(72)41(68)46(33(18-60)80-51)81-53-48(83-52-44(71)40(67)37(64)31(16-58)78-52)47(38(65)32(17-59)79-53)82-50-42(69)35(62)28(61)20-75-50/h21-53,57-73H,5-20H2,1-4H3/t21-,22-,23-,24-,25+,26-,27+,28+,29-,30+,31+,32+,33+,34-,35-,36+,37+,38+,39-,40-,41+,42+,43+,44+,45+,46-,47-,48+,49+,50-,51+,52-,53-,54-,55-,56-/m0/s1",FJLUJBDSFBGOPL-YEBGTAGASA-N,,"(2~{R},3~{R},4~{S},5~{S},6~{R})-2-[(2~{S})-4-[(1~{R},2~{R},4~{S},6~{S},7~{S},8~{R},9~{S},12~{S},13~{S},16~{S},18~{S})-16-[(2~{R},3~{R},4~{R},5~{R},6~{R})-3,4-dihydroxy-5-[(2~{S},3~{R},4~{S},5~{R},6~{R})-5-hydroxy-6-(hydroxymethyl)-3-[(2~{S},3~{R},4~{S},5~{S},6~{R})-3,4,5-trihydroxy-6-(hydroxymethyl)tetrahydropyran-2-yl]oxy-4-[(2~{S},3~{R},4~{S},5~{R})-3,4,5-trihydroxytetrahydropyran-2-yl]oxy-tetrahydropyran-2-yl]oxy-6-(hydroxymethyl)tetrahydropyran-2-yl]oxy-6-hydroxy-7,9,13-trimethyl-5-oxapentacyclo[10.8.0.0^{2,9}.0^{4,8}.0^{13,18}]icosan-6-yl]-2-methyl-butoxy]-6-(hydroxymethyl)tetrahydropyran-3,4,5-triol",178,84,1215.34,1214.59316,C56H94O28,-5.49,445.44,18,28,17,28,17,3,0,0.06,0,1,10,,t,t,f,O1CCCCC1OCCCCC2OC3CC4C5CCC6CC(OC7OCC(OC8OCCC(OC9OCCCC9)C8OC%10OCCCC%10)CC7)CCC6C5CCC4C3C2,1.77,Steroids and steroid derivatives,Furostanes and derivatives,Lipids and lipid-like molecules,Furostanes and derivatives,Terpenoids,Steroids,Furostane steroids,t
CNP0134583.1,O=C1C=C(C2=CC=CC=C2)OC2=CC(O[C@@H]3O[C@H](CO[C@@H]4O[C@H](CO)[C@@H](O)[C@H](O)[C@H]4O)[C@@H](O)[C@H](O)[C@H]3O)=CC(O)=C12,"InChI=1S/C27H30O14/c28-9-17-20(31)22(33)24(35)26(40-17)37-10-18-21(32)23(34)25(36)27(41-18)38-12-6-13(29)19-14(30)8-15(39-16(19)7-12)11-4-2-1-3-5-11/h1-8,17-18,20-29,31-36H,9-10H2/t17-,18-,20-,21-,22+,23+,24-,25-,26-,27-/m1/s1",XGMGGAPZYUWNMO-IPOZFMEPSA-N,Chrysin 7-O-beta-gentiobioside,"5-hydroxy-2-phenyl-7-[(2~{S},3~{R},4~{S},5~{S},6~{R})-3,4,5-trihydroxy-6-[[(2~{R},3~{R},4~{S},5~{S},6~{R})-3,4,5-trihydroxy-6-(hydroxymethyl)tetrahydropyran-2-yl]oxymethyl]tetrahydropyran-2-yl]oxy-chromen-4-one",71,41,578.52,578.16356,C27H30O14,-1.83,228.97,7,14,8,14,8,3,3,0.15,0,0.44,5,476.32,t,t,f,O1c2cc(OC3OC(COC4OCCCC4)CCC3)ccc2CC=C1c5ccccc5,1.6,Flavonoids,Flavonoid glycosides,Phenylpropanoids and polyketides,Flavonoid-7-O-glycosides,Shikimates and Phenylpropanoids,Flavonoids,Flavones,t
CNP0067876.2,CCCCCCCCCCCCCCCC(=O)OC[C@H]1O[C@@H](O[C@@H]2[C@@H](O[C@@H]3O[C@@H](C)[C@H](OC(=O)CCCCCCCCCCCCCCC)[C@@H](O)[C@H]3O)[C@H](C)O[C@@H](O[C@@H]3[C@H]4OC(=O)CCCCCCCCC[C@H](CCCCC)O[C@@H]5O[C@H](C)[C@H](O)[C@H](O)[C@H]5O[C@H](O[C@H]3C)[C@@H]4O)[C@@H]2OC(=O)CCCCCCCCCCCCCCC)[C@H](O)[C@@H](O)[C@@H]1O,"InChI=1S/C94H170O26/c1-9-13-17-20-23-26-29-32-35-38-43-48-54-60-71(95)107-64-70-76(100)77(101)80(104)91(113-70)120-88-85(117-90-81(105)79(103)83(66(6)109-90)114-72(96)61-55-49-44-39-36-33-30-27-24-21-18-14-10-2)68(8)111-94(89(88)116-74(98)63-57-50-45-40-37-34-31-28-25-22-19-15-11-3)118-84-67(7)110-92-82(106)86(84)115-73(97)62-56-51-46-41-42-47-53-59-69(58-52-16-12-4)112-93-87(119-92)78(102)75(99)65(5)108-93/h65-70,75-94,99-106H,9-64H2,1-8H3/t65-,66+,67+,68+,69+,70-,75+,76-,77+,78+,79+,80-,81-,82-,83+,84+,85+,86+,87-,88-,89-,90+,91+,92+,93+,94+/m1/s1",TYAAGEZQWLYLTK-SSAKKZOESA-N,,"[(2~{R},3~{S},4~{S},5~{R},6~{S})-6-[(2~{S},3~{S},4~{R},5~{R},6~{S})-5-hexadecanoyloxy-3-[(2~{S},3~{R},4~{S},5~{R},6~{S})-5-hexadecanoyloxy-3,4-dihydroxy-6-methyl-tetrahydropyran-2-yl]oxy-2-methyl-6-[[(1~{S},3~{R},4~{S},5~{R},6~{R},8~{R},10~{S},22~{S},23~{S},24~{S},26~{R})-4,5,26-trihydroxy-6,24-dimethyl-20-oxo-10-pentyl-2,7,9,21,25-pentaoxatricyclo[20.3.1.0^{3,8}]hexacosan-23-yl]oxy]tetrahydropyran-4-yl]oxy-3,4,5-trihydroxy-tetrahydropyran-2-yl]methyl hexadecanoate",290,120,1716.37,1715.19804,C94H170O26,16.33,359.34,56,26,8,26,8,4,0,0.02,0,0.96,6,,t,t,f,O1CCCCC1OC2COC(OC3COC4OC5CCCOC5OCCCCCCCCCCCOC3C4)CC2OC6OCCCC6,0.92,Saccharolipids,Saccharolipids,Lipids and lipid-like molecules,Saccharolipids,Fatty acids,Fatty acyls,Resin glycosides,t
CNP0384747.1,CO[C@]1(C(C)C)C=C2C(=O)C[C@H]3[C@](C)(COC(=O)CCC(=O)O)CCC[C@]3(C)[C@H]2CC1,"InChI=1S/C25H38O6/c1-16(2)25(30-5)12-9-18-17(14-25)19(26)13-20-23(3,10-6-11-24(18,20)4)15-31-22(29)8-7-21(27)28/h14,16,18,20H,6-13,15H2,1-5H3,(H,27,28)/t18-,20-,23-,24+,25-/m0/s1",YEJMQCWVFZFAQB-HNFUBQCNSA-N,,"4-[[(1~{R},4~{a}~{S},4~{b}~{R},7~{R},10~{a}~{R})-7-isopropyl-7-methoxy-1,4~{a}-dimethyl-9-oxo-2,3,4,4~{b},5,6,10,10~{a}-octahydrophenanthren-1-yl]methoxy]-4-oxo-butanoic acid",69,31,434.57,434.26684,C25H38O6,4.56,89.9,7,5,1,5,1,0,0,0.59,0,0.8,3,,f,f,f,C1=C2CCC3CCCCC3C2CCC1,2.42,Prenol lipids,Diterpenoids,Lipids and lipid-like molecules,Diterpenoids,Terpenoids,Diterpenoids,Podocarpane diterpenoids,f
CNP0241956.0,C=C1CCC2(OC1)OC1CC3C4CCC5(O)CC(O)C(OC(C)=O)C(OC(C)=O)C5(C)C4CCC3(C)C1C2C,"InChI=1S/C31H46O8/c1-16-7-12-31(36-15-16)17(2)25-24(39-31)13-22-20-8-11-30(35)14-23(34)26(37-18(3)32)27(38-19(4)33)29(30,6)21(20)9-10-28(22,25)5/h17,20-27,34-35H,1,7-15H2,2-6H3",ORRBQAHWWZOTHR-UHFFFAOYSA-N,,"(14-acetoxy-16,18-dihydroxy-7,9,13-trimethyl-5'-methylene-spiro[5-oxapentacyclo[10.8.0.0^{2,9}.0^{4,8}.0^{13,18}]icosane-6,2'-tetrahydropyran]-15-yl) acetate",85,39,546.7,546.31927,C31H46O8,3.91,111.52,2,8,2,8,2,1,0,0.4,0,0.87,6,,f,f,f,O1CCCCC12OC3CC4C5CCC6CCCCC6C5CCC4C3C2,3.44,Steroids and steroid derivatives,Hydroxysteroids,Lipids and lipid-like molecules,3-hydroxysteroids,Terpenoids,Steroids,Furostane steroids,f
CNP0566078.1,COCC(=O)N[C@@H](CN1C=C(Br)C(=O)NC1=O)C(=O)O,"InChI=1S/C10H12BrN3O6/c1-20-4-7(15)12-6(9(17)18)3-14-2-5(11)8(16)13-10(14)19/h2,6H,3-4H2,1H3,(H,12,15)(H,17,18)(H,13,16,19)/t6-/m0/s1",MUEAPTBQDWYXGO-LURJTMIESA-N,NCGC00421676-01,"(2~{S})-3-(5-bromo-2,4-dioxo-pyrimidin-1-yl)-2-[(2-methoxyacetyl)amino]propanoic acid",32,20,350.13,348.99095,C10H12BrN3O6,-1.49,130.49,6,6,3,6,3,0,1,0.57,0,0.4,1,,f,f,f,C1=CCNCN1,-0.88,Carboxylic acids and derivatives,"Amino acids, peptides, and analogues",Organic acids and derivatives,N-acyl-alpha amino acids,,,,f
CNP0513308.0,N#CC1=CC=C(C(=O)OC2=CC=C(Br)C=C2)C=C1,InChI=1S/C14H8BrNO2/c15-12-5-7-13(8-6-12)18-14(17)11-3-1-10(9-16)2-4-11/h1-8H,FZVAUMZOFBNGHL-UHFFFAOYSA-N,4-Cyanobenzoic acid 4-bromophenyl ester,(4-bromophenyl) 4-cyanobenzoate,26,18,302.13,300.97384,C14H8BrNO2,3.54,50.09,2,3,0,3,0,0,2,0.63,0,0,2,,f,f,f,O(c1ccccc1)Cc2ccccc2,-1.1,Depsides and depsidones,Depsides and depsidones,Phenylpropanoids and polyketides,Depsides and depsidones,Shikimates and Phenylpropanoids,Phenolic acids (C6-C1),Simple phenolic acids,f
CNP0596148.2,COC1=CC=C(C(=O)N2C[C@H](C(=O)NCCC(C)C)[C@@H](C3=CC=C(OC)C=C3OC)C2)C=C1,"InChI=1S/C26H34N2O5/c1-17(2)12-13-27-25(29)23-16-28(26(30)18-6-8-19(31-3)9-7-18)15-22(23)21-11-10-20(32-4)14-24(21)33-5/h6-11,14,17,22-23H,12-13,15-16H2,1-5H3,(H,27,29)/t22-,23+/m1/s1",MNCVQQVQSOHACI-PKTZIBPZSA-N,,"(3~{R},4~{S})-4-(2,4-dimethoxyphenyl)-~{N}-isopentyl-1-(4-methoxybenzoyl)pyrrolidine-3-carboxamide",67,33,454.57,454.24677,C26H34N2O5,3.73,77.1,9,5,1,5,1,0,2,0.62,0,0.46,3,,f,f,f,c1ccc(cc1)CN2CCC(c3ccccc3)C2,-0.56,Pyrrolidines,Phenylpyrrolidines,Organoheterocyclic compounds,Phenylpyrrolidines,Alkaloids,,,f
CNP0514006.0,O=C(COC1=CC=C2C(=C1)C1=CC=NC3=C1N2C(=O)C1=CC=CC=C13)NCCC1=CNC2=CC=CC=C12,"InChI=1S/C30H22N4O3/c35-27(31-13-11-18-16-33-25-8-4-3-5-20(18)25)17-37-19-9-10-26-24(15-19)22-12-14-32-28-21-6-1-2-7-23(21)30(36)34(26)29(22)28/h1-10,12,14-16,33H,11,13,17H2,(H,31,35)",SYIMWSFFFRSEHK-UHFFFAOYSA-N,STL517916,"~{N}-[2-(1~{H}-indol-3-yl)ethyl]-2-[(19-oxo-1,11-diazapentacyclo[10.7.1.0^{2,7}.0^{8,20}.0^{13,18}]icosa-2,4,6,8,10,12(20),13,15,17-nonaen-5-yl)oxy]acetamide",59,37,486.53,486.16919,C30H22N4O3,4.81,88.49,6,5,2,5,2,0,7,0.33,0,0.1,7,418.11,f,f,f,n1ccc2c3cc(OCCNCCc4c[nH]c5ccccc54)ccc3n6c2c1-c7ccccc7C6,-0.75,Indolonaphthyridine alkaloids,Indolonaphthyridine alkaloids,Alkaloids and derivatives,Indolonaphthyridine alkaloids,Alkaloids,Tryptophan alkaloids,Carboline alkaloids,f
CNP0560704.0,CC1=CC=C2C([N+](=O)[O-])=CC=CC2=N1,"InChI=1S/C10H8N2O2/c1-7-5-6-8-9(11-7)3-2-4-10(8)12(13)14/h2-6H,1H3",XJHADKRGUJCHOO-UHFFFAOYSA-N,2-methyl-5-nitroquinoline,2-methyl-5-nitro-quinoline,22,14,188.19,188.05858,C10H8N2O2,2.45,56.03,1,3,0,3,0,0,2,0.51,0,0.1,2,,f,f,f,n1cccc2ccccc12,-1.54,Quinolines and derivatives,Nitroquinolines and derivatives,Organoheterocyclic compounds,Nitroquinolines and derivatives,Alkaloids,Anthranilic acid alkaloids,,f
CNP0390696.1,COC1=CC=C(O)C(O)=C1CC1=C(C)CCC2C(C)(C)CCC[C@]12C,"InChI=1S/C22H32O3/c1-14-7-10-19-21(2,3)11-6-12-22(19,4)16(14)13-15-18(25-5)9-8-17(23)20(15)24/h8-9,19,23-24H,6-7,10-13H2,1-5H3/t19?,22-/m1/s1",UWJFOBFXVGMJMW-AVKWCDSFSA-N,"3-[[(8aS)-2,5,5,8a-tetramethyl-3,4,4a,6,7,8-hexahydronaphthalen-1-yl]methyl]-4-methoxybenzene-1,2-diol","3-[[(8~{a}~{S})-2,5,5,8~{a}-tetramethyl-3,4,4~{a},6,7,8-hexahydronaphthalen-1-yl]methyl]-4-methoxy-benzene-1,2-diol",57,25,344.5,344.23514,C22H32O3,5.59,49.69,3,3,2,3,2,1,1,0.55,0,0.64,3,,f,f,f,c1ccc(cc1)CC2=CCCC3CCCCC23,2.27,Phenols,Methoxyphenols,Benzenoids,Methoxyphenols,Terpenoids,Diterpenoids,Podocarpane diterpenoids,f
CNP0221469.2,C[C@@H]([C@H]1[C@@H](O)C[C@@]2(C)[C@@H]3CC[C@H]4[C@](C)(CO[C@@H]5O[C@H](CO)[C@@H](O)[C@H](O)[C@H]5O)[C@@H](O[C@@H]5OC[C@H](O)[C@H](O)[C@H]5O)CC[C@@]45C[C@@]35CC[C@]12C)[C@@H]1CCC(C)(C)O1,"InChI=1S/C41H68O13/c1-20(23-9-11-36(2,3)54-23)28-21(43)15-39(6)26-8-7-25-37(4,19-51-35-33(49)31(47)30(46)24(16-42)52-35)27(53-34-32(48)29(45)22(44)17-50-34)10-12-40(25)18-41(26,40)14-13-38(28,39)5/h20-35,42-49H,7-19H2,1-6H3/t20-,21+,22+,23+,24-,25+,26+,27+,28+,29+,30-,31+,32-,33-,34+,35-,37+,38-,39+,40-,41+/m1/s1",HNBIXHGSWCKOJJ-SENDTDSVSA-N,,"(2~{R},3~{R},4~{S},5~{S},6~{R})-2-[[(1~{S},3~{R},6~{S},7~{R},8~{R},11~{S},12~{S},14~{S},15~{R},16~{R})-15-[(1~{S})-1-[(2~{S})-5,5-dimethyltetrahydrofuran-2-yl]ethyl]-14-hydroxy-7,12,16-trimethyl-6-[(2~{S},3~{R},4~{S},5~{S})-3,4,5-trihydroxytetrahydropyran-2-yl]oxy-7-pentacyclo[9.7.0.0^{1,3}.0^{3,8}.0^{12,16}]octadecanyl]methoxy]-6-(hydroxymethyl)tetrahydropyran-3,4,5-triol",122,54,768.98,768.46599,C41H68O13,1.61,207.99,8,13,8,13,8,3,0,0.17,0,1,8,,t,t,f,O1CCCCC1OCC2C(OC3OCCCC3)CCC45CC65CCC7C(CCC7C6CCC24)CC8OCCC8,2.6,Steroids and steroid derivatives,Hydroxysteroids,Lipids and lipid-like molecules,Hydroxysteroids,Terpenoids,Triterpenoids,Cycloartane triterpenoids,t
CNP0188385.0,CC=C1CN2CCC34CC5C6CC7C8=C(CC(C6COC5(C)OC35C2CC1C(C(=O)OC)N5C1=CC=CC=C14)N7C)C1=CC(OC)=CC=C1N8C,"InChI=1S/C42H50N4O5/c1-7-23-21-45-15-14-41-20-31-26-17-35-37-28(27-16-24(48-5)12-13-32(27)44(37)4)18-34(43(35)3)29(26)22-50-40(31,2)51-42(41)36(45)19-25(23)38(39(47)49-6)46(42)33-11-9-8-10-30(33)41/h7-13,16,25-26,29,31,34-36,38H,14-15,17-22H2,1-6H3",YPGVRDIXWAVMMN-UHFFFAOYSA-N,,"methyl 27-ethylidene-12-methoxy-8,21,40-trimethyl-20,22-dioxa-8,25,30,40-tetrazaundecacyclo[23.11.2.1^{6,17}.1^{24,28}.0^{1,23}.0^{3,21}.0^{4,18}.0^{7,15}.0^{9,14}.0^{23,30}.0^{31,36}]tetraconta-7(15),9,11,13,31,33,35-heptaene-29-carboxylate",101,51,690.88,690.37812,C42H50N4O5,5.55,68.64,2,9,0,9,0,2,3,0.26,0,0.6,11,,f,f,f,O1CC2C3NC(c4[nH]c5ccccc5c4C3)CC2C6CC78c9ccccc9N%10CC%11CCN(CC7)C(C%11)C%108OC16,1.65,Pleiocarpaman alkaloids,Pleiocarpaman alkaloids,Alkaloids and derivatives,Pleiocarpaman alkaloids,Alkaloids,Tryptophan alkaloids,Corynanthe type,f
CNP0437170.1,COC(=O)C1CCN(C(=O)CC[C@H]2CNC(=O)[C@@H]3[C@@H](CCN3CC3=CC=C(N(C)C)C=C3)N2C)CC1,"InChI=1S/C27H41N5O4/c1-29(2)21-7-5-19(6-8-21)18-32-16-13-23-25(32)26(34)28-17-22(30(23)3)9-10-24(33)31-14-11-20(12-15-31)27(35)36-4/h5-8,20,22-23,25H,9-18H2,1-4H3,(H,28,34)/t22-,23+,25-/m0/s1",AEKPXZIVOPONEU-ARNLJNQMSA-N,,"methyl 1-[3-[(2~{S},5~{a}~{S},8~{a}~{R})-6-[[4-(dimethylamino)phenyl]methyl]-1-methyl-5-oxo-3,4,5~{a},7,8,8~{a}-hexahydro-2~{H}-pyrrolo[3,2-e][1,4]diazepin-2-yl]propanoyl]piperidine-4-carboxylate",77,36,499.66,499.31585,C27H41N5O4,1.32,85.43,7,7,1,7,1,0,1,0.57,0,0.67,4,,f,f,f,c1ccc(cc1)CN2CCC3NC(CNCC23)CCCN4CCCCC4,-0.9,Carboxylic acids and derivatives,"Amino acids, peptides, and analogues",Organic acids and derivatives,Alpha amino acid amides,Alkaloids,Pseudoalkaloids,Terpenoid alkaloids,f
CNP0378870.3,CC(=O)O[C@@H]1[C@H]2[C@](C)(O)[C@H](O)C=C[C@]2(C)[C@@H](O)[C@H](OC(C)=O)C/C(C)=C\[C@@H]2OC(=O)[C@]3(C)O[C@@]213,"InChI=1S/C24H32O10/c1-11-9-14(31-12(2)25)18(28)21(4)8-7-15(27)22(5,30)17(21)19(32-13(3)26)24-16(10-11)33-20(29)23(24,6)34-24/h7-8,10,14-19,27-28,30H,9H2,1-6H3/b11-10-/t14-,15-,16+,17-,18+,19-,21+,22-,23+,24+/m1/s1",KEYOAWSJOBZMKE-SPBIKBEHSA-N,briarlide H,"[(1~{S},2~{R},3~{S},4~{S},5~{R},8~{S},9~{R},10~{R},12~{Z},14~{S},17~{R})-2-acetoxy-4,5,9-trihydroxy-4,8,12,17-tetramethyl-16-oxo-15,18-dioxatetracyclo[12.4.0.0^{1,17}.0^{3,8}]octadeca-6,12-dien-10-yl] acetate",66,34,480.51,480.19955,C24H32O10,0.32,152.12,2,10,3,10,3,0,0,0.22,0,0.71,4,,f,f,f,O1CC2OC32CC4CCC=CC4CCCC=CC13,3.44,Prenol lipids,Terpene lactones,Lipids and lipid-like molecules,Diterpene lactones,Terpenoids,Diterpenoids,Briarane diterpenoids,f
CNP0543780.1,C[S@+]([O-])/C=C/CCN=C=S,"InChI=1S/C6H9NOS2/c1-10(8)5-3-2-4-7-6-9/h3,5H,2,4H2,1H3/b5-3+/t10-/m0/s1",QKGJFQMGPDVOQE-GFAPAMAISA-N,[(~{E})-4-isothiocyanatobut-1-enyl]-methyl-oxido-sulfonium,[(~{E})-4-isothiocyanatobut-1-enyl]-methyl-oxido-sulfonium,19,10,175.28,175.01256,C6H9NOS2,1.37,35.42,4,3,0,3,0,0,0,0.28,0,0.5,0,,f,f,f,None,1.08,Isothiocyanates,Isothiocyanates,Organosulfur compounds,Isothiocyanates,,,,f
CNP0152122.1,O=C1C[C@H](C2=CC=C(O)C=C2)OC2=C1C(O)=CC(O)=C2C1=CC(C2=CC(=O)C3=C(O)C=C(O)C=C3O2)=CC=C1O,"InChI=1S/C30H20O10/c31-15-4-1-13(2-5-15)24-12-23(38)29-21(36)10-20(35)27(30(29)40-24)17-7-14(3-6-18(17)33)25-11-22(37)28-19(34)8-16(32)9-26(28)39-25/h1-11,24,31-36H,12H2/t24-/m1/s1",HEURLRKWAYKLCX-XMMPIXPASA-N,,"2-[3-[(2~{R})-5,7-dihydroxy-2-(4-hydroxyphenyl)-4-oxo-chroman-8-yl]-4-hydroxy-phenyl]-5,7-dihydroxy-chromen-4-one",60,40,540.48,540.10565,C30H20O10,5.07,177.89,3,10,6,10,6,3,5,0.18,0,0.07,6,441.34,f,f,f,O1c2ccccc2CC=C1c3cccc(c3)-c4cccc5c4OC(c6ccccc6)CC5,1.53,Flavonoids,Biflavonoids and polyflavonoids,Phenylpropanoids and polyketides,Biflavonoids and polyflavonoids,Shikimates and Phenylpropanoids,Flavonoids,Flavanones,f
CNP0521523.1,NC1=N[C+]([C@@H](O)COC2=CC=C(C3=[O+]C4=CC(O[C@@H]5O[C@H](C(=O)O)[C@@H](O)[C@@H](O)[C@H]5O)=C(OCC5=CC=CC(O)=C5)C(O)=C4C(=O)C3)C=C2)C=C1,"InChI=1S/C34H30N2O14/c35-25-9-8-19(36-25)21(39)14-46-18-6-4-16(5-7-18)22-11-20(38)26-23(48-22)12-24(31(27(26)40)47-13-15-2-1-3-17(37)10-15)49-34-30(43)28(41)29(42)32(50-34)33(44)45/h1-10,12,21,28-30,32,34,39,41-43H,11,13-14H2,(H3-2,35,36,37,38,40,44,45)/p+2/t21-,28+,29-,30+,32-,34+/m0/s1",VTLOBWDESMOQLN-NJVPYANBSA-P,"(2S,3S,4R,5R,6S)-6-[[2-[4-[(2R)-2-(5-aminopyrrol-2-ylium-2-yl)-2-hydroxyethoxy]phenyl]-5-hydroxy-6-[(3-hydroxyphenyl)methoxy]-4-oxo-3H-chromen-1-ium-7-yl]oxy]-3,4,5-trihydroxyoxane-2-carboxylic acid","(2~{S},3~{S},4~{R},5~{R},6~{S})-6-[[2-[4-[(2~{R})-2-(5-aminopyrrol-2-ylium-2-yl)-2-hydroxy-ethoxy]phenyl]-5-hydroxy-6-[(3-hydroxyphenyl)methoxy]-4-oxo-3~{H}-chromen-1-ium-7-yl]oxy]-3,4,5-trihydroxy-tetrahydropyran-2-carboxylic acid",82,50,692.63,692.18426,[C34H32N2O14]2+,0.86,262.35,11,14,8,14,8,3,3,0.08,2,0.27,6,,t,t,f,N1=CC=CC1CCOc2ccc(cc2)C3=Oc4cc(OC5OCCCC5)c(OCc6ccccc6)cc4CC3,0.87,Flavonoids,Flavonoid glycosides,Phenylpropanoids and polyketides,Flavonoid-7-O-glucuronides,Shikimates and Phenylpropanoids,Flavonoids,,t
CNP0600619.2,CCCCCCCCCCCCCCCCCCCCC(=O)OC[C@H](COC(=O)CCCCCCCCCCCCCCCCC(C)C)OC(=O)CCCCCCCCCCCCCCCC(C)C,"InChI=1S/C63H122O6/c1-6-7-8-9-10-11-12-13-14-15-16-17-23-28-33-38-43-48-53-61(64)67-56-60(69-63(66)55-50-45-40-35-30-25-20-22-27-32-37-42-47-52-59(4)5)57-68-62(65)54-49-44-39-34-29-24-19-18-21-26-31-36-41-46-51-58(2)3/h58-60H,6-57H2,1-5H3/t60-/m1/s1",AGMLTYTZPURKLQ-AKAJXFOGSA-N,TG(i-20:0/i-19:0/21:0),[(2~{R})-3-(18-methylnonadecanoyloxy)-2-(17-methyloctadecanoyloxy)propyl] henicosanoate,191,69,975.66,974.92414,C63H122O6,20.82,78.9,57,6,0,6,0,2,0,0.03,0,0.95,0,,f,f,f,None,0.25,Glycerolipids,Triradylcglycerols,Lipids and lipid-like molecules,Triacylglycerols,Fatty acids,Glycerolipids,Triacylglycerols,f
CNP0135886.1,C=C1CC[C@H]2[C@@](C)(CC[C@@H](C(C)(C)C=O)[C@]2(C)C(=O)O)[C@@H]1C(=O)OC,"InChI=1S/C20H30O5/c1-12-7-8-14-19(4,15(12)16(22)25-6)10-9-13(18(2,3)11-21)20(14,5)17(23)24/h11,13-15H,1,7-10H2,2-6H3,(H,23,24)/t13-,14-,15-,19+,20-/m0/s1",KFYJZWWYZBXOMJ-HQNIOCCESA-N,,"(1~{R},2~{S},4~{a}~{R},5~{R},8~{a}~{S})-2-(1,1-dimethyl-2-oxo-ethyl)-5-methoxycarbonyl-1,4~{a}-dimethyl-6-methylene-decalin-1-carboxylic acid",55,25,350.46,350.20932,C20H30O5,3.47,80.67,4,4,1,4,1,0,0,0.48,0,0.75,2,,f,f,f,C1CCC2CCCCC2C1,2.35,Carboxylic acids and derivatives,Dicarboxylic acids and derivatives,Organic acids and derivatives,Dicarboxylic acids and derivatives,Terpenoids,Diterpenoids,Labdane diterpenoids,f
CNP0244759.1,C=C1CCC[C@H](C)[C@]1(C)CCC1=COC=C1,"InChI=1S/C15H22O/c1-12-5-4-6-13(2)15(12,3)9-7-14-8-10-16-11-14/h8,10-11,13H,1,4-7,9H2,2-3H3/t13-,15+/m0/s1",VFZHDBFYTSLCHG-DZGCQCFKSA-N,,"3-[2-[(1~{S},2~{S})-1,2-dimethyl-6-methylene-cyclohexyl]ethyl]furan",38,16,218.34,218.16707,C15H22O,4.59,13.14,3,1,0,1,0,0,1,0.68,0,0.6,2,228.69,f,f,f,o1ccc(c1)CCC2CCCCC2,2.56,Furans,Furans,Organoheterocyclic compounds,Furans,Terpenoids,Diterpenoids,Cyclophytane diterpenoids,f
CNP0343701.3,CC(C)N(CCNC[C@H]1C(=O)O[C@@H]2C[C@@]3(C)CCC[C@H](C)C3=C[C@@H]21)C(C)C,"InChI=1S/C23H40N2O2/c1-15(2)25(16(3)4)11-10-24-14-19-18-12-20-17(5)8-7-9-23(20,6)13-21(18)27-22(19)26/h12,15-19,21,24H,7-11,13-14H2,1-6H3/t17-,18+,19+,21+,23+/m0/s1",NBJXGSCHUJBUEZ-ZPAXSXBNSA-N,,"(3~{S},3~{a}~{R},5~{S},8~{a}~{R},9~{a}~{R})-3-[[2-(diisopropylamino)ethylamino]methyl]-5,8~{a}-dimethyl-3,3~{a},5,6,7,8,9,9~{a}-octahydrobenzo[f]benzofuran-2-one",67,27,376.59,376.30898,C23H40N2O2,4.01,41.57,7,4,1,4,1,0,0,0.41,0,0.87,3,,f,f,f,O1CCC2C=C3CCCCC3CC12,0.98,Prenol lipids,Terpene lactones,Lipids and lipid-like molecules,"Eudesmanolides, secoeudesmanolides, and derivatives",Terpenoids,Diterpenoids,Abietane diterpenoids,f
CNP0314675.1,C[C@H](O)CCC1=CC=C(C(=O)O)N=C1,"InChI=1S/C10H13NO3/c1-7(12)2-3-8-4-5-9(10(13)14)11-6-8/h4-7,12H,2-3H2,1H3,(H,13,14)/t7-/m0/s1",GYQWAMYDGNUNNL-ZETCQYMHSA-N,(+)-Fusarinolic acid,5-[(3~{S})-3-hydroxybutyl]pyridine-2-carboxylic acid,27,14,195.22,195.08954,C10H13NO3,1.09,70.42,4,3,2,3,2,0,1,0.75,0,0.4,1,,f,f,f,n1ccccc1,0.31,Pyridines and derivatives,Pyridinecarboxylic acids and derivatives,Organoheterocyclic compounds,5-alkyl-2-carboxypyrimidines,Alkaloids,Nicotinic acid alkaloids,Pyridine alkaloids,f
CNP0199353.1,C=C1C[C@@]2(CC[C@@H](CC[C@@]3(O)CCC[C@@H](O)C3)C2)[C@@H]2O[C@]2(C)CC[C@@H]2[C@@H]1CC2(C)C,"InChI=1S/C27H44O3/c1-18-14-26(23-25(4,30-23)11-9-22-21(18)17-24(22,2)3)12-7-19(15-26)8-13-27(29)10-5-6-20(28)16-27/h19-23,28-29H,1,5-17H2,2-4H3/t19-,20+,21+,22+,23+,25+,26+,27-/m0/s1",SPODLYSXZZULAJ-PLBXSLRGSA-N,,"cis-(1~{S},3~{R})-1-[2-[(1~{R},1'~{S},4~{R},6~{S},7~{S},10~{S})-4,12,12-trimethyl-9-methylene-spiro[5-oxatricyclo[8.2.0.0^{4,6}]dodecane-7,3'-cyclopentane]-1'-yl]ethyl]cyclohexane-1,3-diol",74,30,416.65,416.32905,C27H44O3,5.78,52.99,3,3,2,3,2,1,0,0.45,0,0.93,5,,f,f,f,O1C2CCC3CCC3CCC4(CCC(CCC5CCCCC5)C4)C12,3.54,Organooxygen compounds,Alcohols and polyols,Organic oxygen compounds,Cyclohexanols,Terpenoids,Diterpenoids,Aphidicolane diterpenoids,f
CNP0281998.4,C=C1C(=O)O[C@@H]2/C=C(/C)CC/C=C(/C(=O)OC)[C@H](OC(C)=O)[C@@H](OC(=O)[C@@](C)(O)[C@H](C)O)[C@@H]12,"InChI=1S/C23H30O10/c1-11-8-7-9-15(21(27)30-6)18(31-14(4)25)19(33-22(28)23(5,29)13(3)24)17-12(2)20(26)32-16(17)10-11/h9-10,13,16-19,24,29H,2,7-8H2,1,3-6H3/b11-10-,15-9+/t13-,16+,17-,18-,19-,23-/m0/s1",WKVRXCYBZOWRLM-FOVHWDCHSA-N,,"methyl (3~{a}~{S},4~{S},5~{S},6~{E},10~{Z},11~{a}~{R})-5-acetoxy-4-[(2~{S},3~{S})-2,3-dihydroxy-2-methyl-butanoyl]oxy-10-methyl-3-methylene-2-oxo-3~{a},4,5,8,9,11~{a}-hexahydrocyclodeca[b]furan-6-carboxylate",63,33,466.48,466.1839,C23H30O10,0.9,145.66,5,10,2,10,2,0,0,0.26,0,0.57,2,,f,f,f,O1CCC2CCC=CCCC=CC12,2.71,Prenol lipids,Terpene lactones,Lipids and lipid-like molecules,Germacranolides and derivatives,Terpenoids,Sesquiterpenoids,Germacrane sesquiterpenoids,f
CNP0476396.1,CC(=O)N1CCN2C(=O)N(C3=CC=CC=C3)C(=O)[C@@H]2C1,"InChI=1S/C14H15N3O3/c1-10(18)15-7-8-16-12(9-15)13(19)17(14(16)20)11-5-3-2-4-6-11/h2-6,12H,7-9H2,1H3/t12-/m0/s1",YPWKQRSENKQCNR-LBPRGKRZSA-N,,"(8~{a}~{S})-7-acetyl-2-phenyl-5,6,8,8~{a}-tetrahydroimidazo[1,5-a]pyrazine-1,3-dione",35,20,273.29,273.11134,C14H15N3O3,0.69,60.93,1,3,0,3,0,0,1,0.71,0,0.36,3,,f,f,f,c1ccc(cc1)N2CN3CCNCC3C2,-1.41,Azolidines,Imidazolidines,Organoheterocyclic compounds,Phenylhydantoins,Alkaloids,,,f
CNP0248906.1,C=C1CC[C@H]([C@@H](C)COC(C)=O)[C@H]2C3OC(CC(=C)[C@@H](O)C[C@H](OC(=O)C(CC)OC(=O)CCC)[C@@]3(C)O)[C@@H]12,"InChI=1S/C30H46O9/c1-8-10-25(33)37-22(9-2)29(34)39-24-14-21(32)17(4)13-23-26-16(3)11-12-20(18(5)15-36-19(6)31)27(26)28(38-23)30(24,7)35/h18,20-24,26-28,32,35H,3-4,8-15H2,1-2,5-7H3/t18-,20+,21-,22?,23?,24-,26+,27+,28?,30+/m0/s1",FIWJCKNZIXFBGP-WSLQPHKJSA-N,hirsutalin B,"[(2~{R},6~{R},7~{R},9~{R},10~{S},12~{S})-6-[(1~{R})-2-acetoxy-1-methyl-ethyl]-9,12-dihydroxy-9-methyl-3,13-dimethylene-15-oxatricyclo[6.6.1.0^{2,7}]pentadecan-10-yl] 2-butanoyloxybutanoate",85,39,550.69,550.31418,C30H46O9,3.65,128.59,9,9,2,9,2,1,0,0.25,0,0.77,3,520.71,f,f,f,O1C2CCCCCCC1C3CCCCC23,2.64,Prenol lipids,Diterpenoids,Lipids and lipid-like molecules,Eunicellane and asbestinane diterpenoids,Terpenoids,Diterpenoids,Eunicellane diterpenoids,f
CNP0282732.2,CC(=O)[C@H]1[C@@H](C)C[C@@H]2[C@@H]3CC=C4C[C@H](OC(=O)CCN5C[C@H](C)C[C@@H](C)C5)CC[C@]4(C)[C@@H]3CC[C@]21C,"InChI=1S/C32H51NO3/c1-20-15-21(2)19-33(18-20)14-11-29(35)36-25-9-12-31(5)24(17-25)7-8-26-27(31)10-13-32(6)28(26)16-22(3)30(32)23(4)34/h7,20-22,25-28,30H,8-19H2,1-6H3/t20-,21-,22+,25-,26-,27-,28-,30-,31+,32-/m1/s1",LLKWFOGYGSHBRH-ADUGKRTOSA-N,,"[(3~{R},8~{S},9~{R},10~{R},13~{R},14~{R},16~{S},17~{S})-17-acetyl-10,13,16-trimethyl-2,3,4,7,8,9,11,12,14,15,16,17-dodecahydro-1~{H}-cyclopenta[a]phenanthren-3-yl] 3-[(3~{R},5~{R})-3,5-dimethyl-1-piperidyl]propanoate",87,36,497.76,497.38689,C32H51NO3,6.68,46.61,5,4,0,4,0,1,0,0.31,0,0.88,5,,f,f,f,O(CCCN1CCCCC1)C2CC3=CCC4C(CCC5CCCC54)C3CC2,1.21,Steroids and steroid derivatives,Steroid esters,Lipids and lipid-like molecules,Steroid esters,Alkaloids,Pseudoalkaloids,Steroidal alkaloids,f
CNP0299986.1,CC1=C(C=O)[C@H]([C@@H](C)C=O)CC1,"InChI=1S/C10H14O2/c1-7-3-4-9(8(2)5-11)10(7)6-12/h5-6,8-9H,3-4H2,1-2H3/t8-,9-/m0/s1",OPYIDDKLXUUEPE-IUCAKERBSA-N,,(5~{S})-2-methyl-5-[(1~{R})-1-methyl-2-oxo-ethyl]cyclopentene-1-carbaldehyde,26,12,166.22,166.09938,C10H14O2,1.75,34.14,3,2,0,2,0,0,0,0.6,0,0.6,1,167.38,f,f,f,C1=CCCC1,1.86,Prenol lipids,Monoterpenoids,Lipids and lipid-like molecules,Monocyclic monoterpenoids,Terpenoids,Monoterpenoids,Iridoids monoterpenoids,f
CNP0485761.2,CN1CCC2(CC1)N=C(C1=CC=CC=C1O)C[C@@H](C1=CC=C(Cl)C=C1)N2,"InChI=1S/C21H24ClN3O/c1-25-12-10-21(11-13-25)23-18(15-6-8-16(22)9-7-15)14-19(24-21)17-4-2-3-5-20(17)26/h2-9,18,23,26H,10-14H2,1H3/t18-/m0/s1",UBCFVDLEFOEVGS-SFHVURJKSA-N,,"2-[(2~{S})-2-(4-chlorophenyl)-9-methyl-1,5,9-triazaspiro[5.5]undec-4-en-4-yl]phenol",50,26,369.9,369.16079,C21H24ClN3O,3.99,47.86,2,4,2,4,2,0,2,0.84,0,0.38,4,,f,f,f,N1=C(c2ccccc2)CC(NC13CCNCC3)c4ccccc4,-0.12,Azaspirodecane derivatives,Azaspirodecane derivatives,Organoheterocyclic compounds,Azaspirodecane derivatives,Alkaloids,,,f
CNP0239447.4,C[C@@H]1C[C@@](O)([C@@H](C)Cl)C(=O)O[C@@H]2CCN(C)C/C=C(/COC(=O)[C@@]1(C)O)C2=O,"InChI=1S/C19H28ClNO7/c1-11-9-19(26,12(2)20)17(24)28-14-6-8-21(4)7-5-13(15(14)22)10-27-16(23)18(11,3)25/h5,11-12,14,25-26H,6-10H2,1-4H3/b13-5-/t11-,12-,14-,18+,19-/m1/s1",OMHSMPLRLNEBIB-BMYANLIPSA-N,Desacetyldoronine,"(1~{R},4~{S},6~{R},7~{S},11~{Z})-4-[(1~{R})-1-chloroethyl]-4,7-dihydroxy-6,7,14-trimethyl-2,9-dioxa-14-azabicyclo[9.5.1]heptadec-11-ene-3,8,17-trione",56,28,417.89,417.15543,C19H28ClNO7,0.42,113.37,1,8,2,8,2,0,0,0.47,0,0.74,2,,f,f,f,O1CC2=CCNCCC(OCCCCCC1)C2,1.7,Organooxygen compounds,Carbonyl compounds,Organic oxygen compounds,Alpha-acyloxy ketones,Alkaloids,Ornithine alkaloids,Pyrrolizidine alkaloids,f
CNP0568655.4,CCC[C@H](C)C[C@H](OC(=O)C[C@H](CC(=O)O)C(=O)O)[C@H](C[C@H](C)CCCCCC[C@H](O)C[C@H](O)[C@@H](C)N)OC(=O)C[C@H](CC(=O)O)C(=O)O,"InChI=1S/C34H59NO14/c1-5-10-20(2)13-27(48-31(42)17-23(33(44)45)15-29(38)39)28(49-32(43)18-24(34(46)47)16-30(40)41)14-21(3)11-8-6-7-9-12-25(36)19-26(37)22(4)35/h20-28,36-37H,5-19,35H2,1-4H3,(H,38,39)(H,40,41)(H,44,45)(H,46,47)/t20-,21+,22+,23-,24-,25-,26-,27-,28-/m0/s1",CFOIYOQEQJFMGC-AHCFUJHNSA-N,,"(2~{S})-2-[2-[(1~{S},2~{S},4~{R},11~{S},13~{S},14~{R})-14-amino-2-[(3~{S})-3,4-dicarboxybutanoyl]oxy-11,13-dihydroxy-4-methyl-1-[(2~{S})-2-methylpentyl]pentadecoxy]-2-oxo-ethyl]butanedioic acid",108,49,705.84,705.39356,C34H59NO14,3.59,268.28,29,11,7,11,7,3,0,0.04,0,0.82,0,,f,f,f,None,0.82,Carboxylic acids and derivatives,Hexacarboxylic acids and derivatives,Organic acids and derivatives,Hexacarboxylic acids and derivatives,Polyketides,Linear polyketides,Open-chain polyketides,f
CNP0286081.0,COC(=O)C1OC(OC)C2=C1C(C)=C1OC3=C(C)C=CC=C3C(=O)C1=C2O,"InChI=1S/C20H18O7/c1-8-6-5-7-10-14(21)13-15(22)12-11(9(2)17(13)26-16(8)10)18(19(23)24-3)27-20(12)25-4/h5-7,18,20,22H,1-4H3",RSHLQJHJEKDNRR-UHFFFAOYSA-N,,"methyl 11-hydroxy-1-methoxy-4,6-dimethyl-10-oxo-1,3-dihydrofuro[3,4-b]xanthene-3-carboxylate",45,27,370.36,370.10525,C20H18O7,3.16,95.2,2,7,1,7,1,0,3,0.55,0,0.3,4,,f,f,f,O1c2ccccc2Cc3cc4c(cc13)COC4,1.2,Benzopyrans,1-benzopyrans,Organoheterocyclic compounds,Xanthones,Polyketides,Chromanes,Chromones,f
CNP0327069.1,CC1=CC=C([C@H](O)C2=CC=CC=C2)C=C1,"InChI=1S/C14H14O/c1-11-7-9-13(10-8-11)14(15)12-5-3-2-4-6-12/h2-10,14-15H,1H3/t14-/m1/s1",IHASOVONMUHDND-CQSZACIVSA-N,(R)-4-methylbenzhydrol,(~{R})-phenyl(p-tolyl)methanol,29,15,198.27,198.10447,C14H14O,3.08,20.23,2,1,1,1,1,0,2,0.79,0,0.14,2,,f,f,f,c1ccc(cc1)Cc2ccccc2,-0.18,Benzene and substituted derivatives,Diphenylmethanes,Benzenoids,Diphenylmethanes,Shikimates and Phenylpropanoids,,,f
CNP0093055.1,CC[C@H](O)CC[C@@H](C[C@@H](CCC1=CC=C(O)C(OC)=C1)OC(C)=O)OC(C)=O,"InChI=1S/C21H32O7/c1-5-17(24)8-10-19(28-15(3)23)13-18(27-14(2)22)9-6-16-7-11-20(25)21(12-16)26-4/h7,11-12,17-19,24-25H,5-6,8-10,13H2,1-4H3/t17-,18+,19-/m0/s1",CBTSLSLFSWDSKP-OTWHNJEPSA-N,,"[(1~{R},3~{S},6~{S})-3-acetoxy-6-hydroxy-1-[2-(4-hydroxy-3-methoxy-phenyl)ethyl]octyl] acetate",60,28,396.48,396.2148,C21H32O7,3.14,102.29,12,7,2,7,2,0,1,0.52,0,0.62,1,,f,f,f,c1ccccc1,1.56,Fatty Acyls,Fatty alcohol esters,Lipids and lipid-like molecules,Fatty alcohol esters,,,,f
CNP0402918.1,OC[C@H]1O[C@@H](OCC2=CC=CC=C2)[C@H](O)[C@@H]1O,"InChI=1S/C12H16O5/c13-6-9-10(14)11(15)12(17-9)16-7-8-4-2-1-3-5-8/h1-5,9-15H,6-7H2/t9-,10-,11-,12-/m1/s1",MBBBSHXQRFAIPA-DDHJBXDOSA-N,Benzyl beta-D-ribofuranoside,"(2~{R},3~{R},4~{S},5~{R})-2-benzyloxy-5-(hydroxymethyl)tetrahydrofuran-3,4-diol",33,17,240.26,240.09977,C12H16O5,-0.36,79.15,4,5,3,5,3,0,1,0.67,0,0.5,2,215.26,t,t,f,O(Cc1ccccc1)C2OCCC2,1.65,Benzene and substituted derivatives,Benzene and substituted derivatives,Benzenoids,Benzene and substituted derivatives,Shikimates and Phenylpropanoids,,,t
